date,msl_shannon_clare_airport,temp_shannon_clare_airport,dewpt_shannon_clare_airport,rain_shannon_clare_airport,rhum_shannon_clare_airport,wddir_shannon_clare_airport,wdsp_shannon_clare_airport,msl_north_west_sligo_markree,temp_north_west_sligo_markree,dewpt_north_west_sligo_markree,rain_north_west_sligo_markree,rhum_north_west_sligo_markree,wddir_north_west_sligo_markree,wdsp_north_west_sligo_markree,msl_north_west_donegal_malin_head,temp_north_west_donegal_malin_head,dewpt_north_west_donegal_malin_head,rain_north_west_donegal_malin_head,rhum_north_west_donegal_malin_head,wddir_north_west_donegal_malin_head,wdsp_north_west_donegal_malin_head,msl_south_west_cork_airport,temp_south_west_cork_airport,dewpt_south_west_cork_airport,rain_south_west_cork_airport,rhum_south_west_cork_airport,wddir_south_west_cork_airport,wdsp_south_west_cork_airport,msl_north_west_cavan_ballyhaise,temp_north_west_cavan_ballyhaise,dewpt_north_west_cavan_ballyhaise,rain_north_west_cavan_ballyhaise,rhum_north_west_cavan_ballyhaise,wddir_north_west_cavan_ballyhaise,wdsp_north_west_cavan_ballyhaise,msl_west_mayo_newport,temp_west_mayo_newport,dewpt_west_mayo_newport,rain_west_mayo_newport,rhum_west_mayo_newport,wddir_west_mayo_newport,wdsp_west_mayo_newport,msl_west_galway_athenry,temp_west_galway_athenry,dewpt_west_galway_athenry,rain_west_galway_athenry,rhum_west_galway_athenry,wddir_west_galway_athenry,wdsp_west_galway_athenry,msl_dublin_casement,temp_dublin_casement,dewpt_dublin_casement,rain_dublin_casement,rhum_dublin_casement,wddir_dublin_casement,wdsp_dublin_casement,msl_south_west_cork_roches_point,temp_south_west_cork_roches_point,dewpt_south_west_cork_roches_point,rain_south_west_cork_roches_point,rhum_south_west_cork_roches_point,wddir_south_west_cork_roches_point,wdsp_south_west_cork_roches_point,msl_shannon_tipperary_gurteen,temp_shannon_tipperary_gurteen,dewpt_shannon_tipperary_gurteen,rain_shannon_tipperary_gurteen,rhum_shannon_tipperary_gurteen,wddir_shannon_tipperary_gurteen,wdsp_shannon_tipperary_gurteen,msl_midlands_meath_dunsany,temp_midlands_meath_dunsany,dewpt_midlands_meath_dunsany,rain_midlands_meath_dunsany,rhum_midlands_meath_dunsany,wddir_midlands_meath_dunsany,wdsp_midlands_meath_dunsany,msl_south_west_kerry_valentia_observatory,temp_south_west_kerry_valentia_observatory,dewpt_south_west_kerry_valentia_observatory,rain_south_west_kerry_valentia_observatory,rhum_south_west_kerry_valentia_observatory,wddir_south_west_kerry_valentia_observatory,wdsp_south_west_kerry_valentia_observatory,msl_midlands_carlow_oak_park,temp_midlands_carlow_oak_park,dewpt_midlands_carlow_oak_park,rain_midlands_carlow_oak_park,rhum_midlands_carlow_oak_park,wddir_midlands_carlow_oak_park,wdsp_midlands_carlow_oak_park,msl_west_galway_mace_head,temp_west_galway_mace_head,dewpt_west_galway_mace_head,rain_west_galway_mace_head,rhum_west_galway_mace_head,wddir_west_galway_mace_head,wdsp_west_galway_mace_head,msl_dublin_airport,temp_dublin_airport,dewpt_dublin_airport,rain_dublin_airport,rhum_dublin_airport,wddir_dublin_airport,wdsp_dublin_airport,msl_shannon_fermoy_moore_park,temp_shannon_fermoy_moore_park,dewpt_shannon_fermoy_moore_park,rain_shannon_fermoy_moore_park,rhum_shannon_fermoy_moore_park,wddir_shannon_fermoy_moore_park,wdsp_shannon_fermoy_moore_park,msl_west_mayo_belmullet,temp_west_mayo_belmullet,dewpt_west_mayo_belmullet,rain_west_mayo_belmullet,rhum_west_mayo_belmullet,wddir_west_mayo_belmullet,wdsp_west_mayo_belmullet,msl_north_west_donegal_finner,temp_north_west_donegal_finner,dewpt_north_west_donegal_finner,rain_north_west_donegal_finner,rhum_north_west_donegal_finner,wddir_north_west_donegal_finner,wdsp_north_west_donegal_finner,msl_midlands_westmeath_mullingar,temp_midlands_westmeath_mullingar,dewpt_midlands_westmeath_mullingar,rain_midlands_westmeath_mullingar,rhum_midlands_westmeath_mullingar,wddir_midlands_westmeath_mullingar,wdsp_midlands_westmeath_mullingar,msl_west_mayo_knock_airport,temp_west_mayo_knock_airport,dewpt_west_mayo_knock_airport,rain_west_mayo_knock_airport,rhum_west_mayo_knock_airport,wddir_west_mayo_knock_airport,wdsp_west_mayo_knock_airport,msl_dublin_phoenix_park,temp_dublin_phoenix_park,dewpt_dublin_phoenix_park,rain_dublin_phoenix_park,rhum_dublin_phoenix_park,wddir_dublin_phoenix_park,wdsp_dublin_phoenix_park,msl_south_east_wexford_johnstownii,temp_south_east_wexford_johnstownii,dewpt_south_east_wexford_johnstownii,rain_south_east_wexford_johnstownii,rhum_south_east_wexford_johnstownii,wddir_south_east_wexford_johnstownii,wdsp_south_east_wexford_johnstownii,msl_west_mayo_claremorris,temp_west_mayo_claremorris,dewpt_west_mayo_claremorris,rain_west_mayo_claremorris,rhum_west_mayo_claremorris,wddir_west_mayo_claremorris,wdsp_west_mayo_claremorris,msl_north_west_roscommon_mt_dillon,temp_north_west_roscommon_mt_dillon,dewpt_north_west_roscommon_mt_dillon,rain_north_west_roscommon_mt_dillon,rhum_north_west_roscommon_mt_dillon,wddir_north_west_roscommon_mt_dillon,wdsp_north_west_roscommon_mt_dillon,msl_south_west_cork_sherkinIsland,temp_south_west_cork_sherkinIsland,dewpt_south_west_cork_sherkinIsland,rain_south_west_cork_sherkinIsland,rhum_south_west_cork_sherkinIsland,wddir_south_west_cork_sherkinIsland,wdsp_south_west_cork_sherkinIsland
2020-11-04 20:00:00,1040.1,7.0,6.8,0.0,98.3,271.6,3.887688,1038.6,7.3,4.2,0.0,80.4,212.4,3.1101504,1036.5,10.9,7.1,0.0,77.6,248.2,14.773214399999999,1040.7,4.2,3.6,0.0,95.9,344.3,4.4708412,1038.9,5.1,3.2,0.0,88.7,233.3,5.0539944,1039.1,7.2,5.0,0.0,85.1,253.1,3.4989192,1039.8,4.3,3.2,0.0,93.4,226.5,4.0820724,1039.3,6.6,5.4,0.0,92.5,232.2,4.665225599999999,1040.6,6.2,4.7,0.0,89.3,351.2,3.887688,1039.8,5.5,4.4,0.0,92.3,236.5,2.9157659999999996,1039.2,5.6,4.8,0.0,93.8,255.0,4.4708412,1040.8,5.0,3.8,0.0,92.9,74.2,2.9157659999999996,1039.8,5.4,4.5,0.0,94.1,266.9,2.5269972,1039.7,10.6,6.5,0.0,76.1,264.6,4.665225599999999,1039.1,6.7,5.2,0.0,89.1,259.7,5.6371476,1040.5,4.0,3.5,0.0,96.9,359.9,2.9157659999999996,1038.6,10.8,8.2,0.0,84.4,264.5,8.9416824,1038.2,10.0,5.8,0.0,75.9,248.1,8.747297999999999,1039.4,5.7,4.7,0.0,92.7,255.6,4.2764568,1039.2,6.3,3.8,0.0,84.0,226.9,4.2764568,1039.2,6.1,5.1,0.0,92.1,250.4,5.0539944,1039.9,5.7,4.0,0.0,88.7,325.1,4.0820724,1039.4,6.0,3.9,0.0,86.3,215.9,3.6933035999999997,1039.4,5.0,3.6,0.0,91.6,250.2,3.887688,1040.8,7.3,6.0,0.0,91.2,33.9,4.665225599999999
2020-11-04 21:00:00,1040.5,6.8,6.5,0.0,97.7,267.3,3.4989192,1038.9,7.5,4.3,0.0,79.6,206.6,2.9157659999999996,1036.6,11.1,8.0,0.0,80.9,249.6,15.939520799999999,1040.6,3.5,3.2,0.0,97.7,324.9,2.5269972,1039.4,4.8,3.2,0.0,90.5,232.6,5.0539944,1039.3,7.3,5.7,0.0,88.6,241.4,3.6933035999999997,1040.1,4.4,3.5,0.0,94.1,208.1,3.6933035999999997,1039.9,6.1,5.2,0.0,94.2,224.9,4.4708412,1040.5,5.2,4.1,0.0,92.9,343.1,2.9157659999999996,1040.2,4.6,3.8,0.0,95.3,236.0,3.887688,1039.7,5.1,4.3,0.0,94.9,254.1,4.2764568,1040.8,4.4,3.4,0.0,93.7,97.2,1.7494596,1040.2,4.7,4.0,0.0,95.8,269.7,2.3326127999999997,1040.0,10.7,6.9,0.0,77.7,260.3,5.831531999999999,1039.7,6.3,4.9,0.0,89.8,257.7,5.442763199999999,1040.6,3.7,3.2,0.0,97.4,344.1,2.7213815999999995,1038.7,10.9,8.4,0.0,84.7,259.5,8.747297999999999,1038.4,9.7,6.0,0.0,78.4,232.9,9.1360668,1039.8,5.3,4.2,0.0,92.9,255.3,4.2764568,1039.5,6.1,3.8,0.0,85.3,219.2,4.85961,1039.8,5.6,4.7,0.0,93.3,249.0,4.85961,1040.1,4.7,3.3,0.0,91.5,317.1,4.2764568,1039.7,5.4,3.6,0.0,88.4,211.5,4.4708412,1039.7,4.8,3.5,0.0,92.4,246.0,4.0820724,1040.7,6.6,6.1,0.0,96.3,41.7,3.887688
2020-11-04 22:00:00,1040.8,6.6,6.2,0.0,97.3,235.1,2.7213815999999995,1039.2,7.4,4.5,0.0,81.2,186.3,3.3045348,1036.8,11.3,8.4,0.0,82.6,250.1,16.3282896,1041.1,3.2,3.0,0.0,98.8,320.6,2.5269972,1039.7,5.1,3.5,0.0,90.8,227.6,5.0539944,1039.6,7.6,6.3,0.0,91.2,235.2,4.0820724,1040.5,4.4,3.4,0.0,94.0,201.2,3.4989192,1040.4,6.0,5.1,0.0,94.2,224.7,4.665225599999999,1041.0,5.1,3.9,0.0,92.6,338.1,3.887688,1040.6,3.7,3.2,0.0,96.4,215.3,4.2764568,1040.2,4.7,4.0,0.0,95.5,243.4,4.2764568,1041.2,4.2,3.2,0.0,93.4,84.3,1.5550752,1040.7,4.1,3.5,0.0,96.3,274.4,2.3326127999999997,1040.2,10.8,7.2,0.0,78.6,252.1,6.9978384,1040.2,6.0,4.7,0.0,90.7,256.1,5.6371476,1041.1,2.9,2.5,0.0,97.8,341.9,3.3045348,1039.0,11.0,8.7,0.0,85.7,261.7,9.330451199999999,1038.7,9.6,5.9,0.0,78.0,228.7,9.5248356,1040.2,4.9,3.9,0.0,93.6,247.2,4.4708412,1039.8,5.8,3.6,0.0,86.5,217.9,5.0539944,1040.2,5.4,4.5,0.0,94.1,247.1,5.2483788,1040.6,4.7,3.3,0.0,91.5,322.5,3.887688,1040.0,5.2,3.5,0.0,89.6,208.4,4.4708412,1040.1,5.1,3.7,0.0,91.7,237.6,4.0820724,1041.1,6.2,5.8,0.0,96.8,28.1,4.4708412
2020-11-04 23:00:00,1041.0,5.9,5.7,0.0,98.9,220.7,2.5269972,1039.4,6.8,4.7,0.0,85.2,186.6,3.887688,1036.7,11.3,8.9,0.0,84.9,246.7,17.3002116,1041.3,2.3,2.3,0.0,99.6,320.7,2.5269972,1039.8,5.7,3.7,0.0,86.9,226.0,5.442763199999999,1039.7,7.6,6.6,0.0,93.3,236.5,4.4708412,1040.7,4.5,3.3,0.0,92.5,207.5,3.887688,1040.4,6.0,5.1,0.0,94.2,222.4,5.0539944,1041.3,4.8,3.5,0.0,92.4,339.2,3.887688,1040.7,4.5,3.7,0.0,95.4,210.9,2.9157659999999996,1040.2,4.7,3.9,0.0,95.5,239.7,4.665225599999999,1041.3,4.3,3.0,0.0,91.6,94.6,1.7494596,1040.7,3.8,3.2,0.0,95.8,274.7,2.9157659999999996,1040.4,10.8,7.3,0.0,79.1,247.4,7.580991599999999,1040.1,6.1,4.7,0.0,90.5,253.5,6.414685199999999,1041.3,3.0,2.6,0.0,97.8,336.7,3.4989192,1039.2,11.0,8.9,0.0,87.1,255.1,8.3585292,1038.8,9.3,6.3,0.0,81.6,223.9,9.71922,1040.3,4.8,3.8,0.0,94.1,242.7,4.665225599999999,1039.9,5.8,3.7,0.0,86.5,219.7,5.2483788,1040.2,5.4,4.6,0.0,94.1,245.3,5.831531999999999,1040.7,4.2,3.1,0.0,92.8,325.0,3.4989192,1040.2,5.3,3.7,0.0,89.7,204.8,4.85961,1040.2,5.3,3.7,0.0,89.9,232.2,4.665225599999999,1041.3,6.0,5.6,0.0,96.7,27.6,4.4708412
2020-11-05 00:00:00,1041.1,5.5,5.4,0.0,99.6,230.2,2.3326127999999997,1039.5,7.2,5.2,0.0,85.8,196.1,3.6933035999999997,1036.6,11.3,9.0,0.0,85.5,250.3,19.2440556,1041.3,2.1,2.0,0.0,99.6,316.1,2.7213815999999995,1039.8,6.3,3.8,0.0,84.2,234.4,5.6371476,1039.9,8.3,7.3,0.0,93.8,238.8,4.85961,1040.6,5.1,3.4,0.0,90.2,212.5,3.887688,1040.3,6.4,5.2,0.0,92.3,229.3,5.6371476,1041.2,3.9,3.0,0.0,93.8,337.7,3.3045348,1040.8,4.6,3.8,0.0,94.9,216.9,3.3045348,1040.1,5.6,4.3,0.0,91.3,246.2,4.85961,1041.3,3.5,2.5,0.0,93.1,94.2,2.1382284,1040.7,3.9,3.2,0.0,95.6,259.2,3.1101504,1040.5,10.8,7.4,0.0,79.5,238.9,7.775376,1040.0,6.7,5.0,0.0,87.6,254.5,6.8034539999999994,1041.3,3.5,3.2,0.0,98.5,320.3,2.9157659999999996,1039.2,10.8,9.0,0.0,89.2,237.7,8.1641448,1038.9,9.3,6.5,0.0,83.6,220.7,9.913604399999999,1040.3,5.5,4.1,0.0,91.3,245.2,4.85961,1040.0,6.3,4.1,0.0,85.9,221.6,5.442763199999999,1040.1,6.2,4.8,0.0,90.2,245.5,6.2203008,1040.8,3.6,2.6,0.0,93.3,318.0,3.4989192,1040.3,5.7,4.0,0.0,89.0,212.4,4.85961,1040.2,6.1,3.7,0.0,84.5,236.1,5.0539944,1041.2,5.9,5.6,0.0,97.7,21.5,4.4708412
2020-11-05 01:00:00,1040.9,5.5,5.5,0.0,99.4,229.8,1.943844,1039.1,7.7,5.8,0.0,87.0,193.4,3.887688,1036.4,11.3,9.3,0.0,87.1,254.1,20.6047464,1041.0,1.9,1.8,0.0,99.0,324.2,3.3045348,1039.4,6.5,3.9,0.0,83.1,241.9,5.831531999999999,1039.5,8.6,7.7,0.0,94.0,237.4,5.2483788,1040.4,6.0,3.8,0.0,85.8,216.9,3.6933035999999997,1040.0,6.6,5.0,0.0,90.0,235.3,6.0259164,1040.9,3.8,2.9,0.0,94.1,340.8,3.887688,1040.5,5.3,4.3,0.0,93.4,221.4,3.6933035999999997,1039.9,5.8,4.3,0.0,90.1,246.2,5.2483788,1041.0,2.7,2.1,0.0,95.4,91.7,2.1382284,1040.4,3.7,3.0,0.0,95.5,250.6,3.3045348,1040.2,10.9,7.6,0.0,80.0,238.4,7.969760399999999,1039.7,6.8,4.9,0.0,86.4,255.8,7.1922228,1041.0,2.2,2.0,0.0,99.7,328.1,3.3045348,1039.1,10.7,9.1,0.0,89.9,232.9,9.5248356,1038.6,9.3,7.0,0.0,85.8,220.1,10.3023732,1040.0,5.7,4.1,0.0,89.7,243.0,5.2483788,1039.7,6.8,4.8,0.0,85.8,222.8,5.2483788,1039.8,6.3,4.7,0.0,88.6,249.3,6.6090696,1040.3,3.9,2.8,0.0,92.9,303.9,3.3045348,1040.0,6.4,4.7,0.0,87.6,217.3,4.665225599999999,1039.9,6.6,3.6,0.0,81.0,243.0,5.442763199999999,1040.9,5.8,5.6,0.0,98.0,19.4,4.665225599999999
2020-11-05 02:00:00,1040.6,5.5,5.4,0.0,99.6,208.7,2.3326127999999997,1038.9,7.8,6.3,0.0,89.8,206.9,3.1101504,1036.5,11.5,9.7,0.1,88.0,259.2,21.187899599999998,1040.7,1.8,1.7,0.0,98.7,322.9,3.4989192,1039.1,6.7,4.0,0.0,82.5,242.6,6.0259164,1039.3,8.6,7.8,0.0,94.4,249.5,5.6371476,1039.9,6.3,4.0,0.0,85.2,210.5,4.0820724,1039.9,6.4,4.9,0.0,90.4,234.2,6.0259164,1040.6,3.6,2.7,0.0,94.0,338.1,3.887688,1040.2,5.9,4.5,0.0,90.5,218.8,3.887688,1039.7,5.6,4.1,0.0,90.7,243.8,5.442763199999999,1040.8,2.5,1.9,0.0,96.1,86.5,1.943844,1040.3,4.2,3.4,0.0,94.6,248.7,3.3045348,1039.8,11.0,7.9,0.0,81.6,239.2,8.3585292,1039.6,6.7,4.7,0.0,86.2,257.6,7.1922228,1040.7,2.0,1.9,0.0,99.9,333.9,3.3045348,1039.1,10.7,8.9,0.0,88.4,242.9,10.3023732,1038.5,9.6,7.6,0.0,87.9,231.9,10.3023732,1039.7,5.5,4.0,0.0,90.3,238.0,5.442763199999999,1039.3,7.0,5.3,0.0,87.8,230.9,5.442763199999999,1039.7,6.2,4.5,0.0,88.6,249.4,6.6090696,1040.1,3.9,2.8,0.0,93.3,310.9,4.2764568,1039.5,6.7,5.2,0.0,88.9,223.8,4.665225599999999,1039.5,7.0,3.9,0.0,80.4,242.9,5.442763199999999,1040.7,5.7,5.4,0.0,97.7,20.4,4.665225599999999
2020-11-05 03:00:00,1040.2,5.0,5.0,0.0,99.6,198.3,2.5269972,1038.8,7.2,6.3,0.0,94.2,213.6,3.1101504,1036.2,11.5,10.0,0.0,89.6,256.1,19.827208799999998,1040.4,1.6,1.4,0.0,98.8,325.7,3.3045348,1038.9,6.6,4.2,0.0,84.2,250.3,6.0259164,1039.0,8.6,7.8,0.0,94.9,260.3,6.0259164,1039.8,4.9,3.6,0.0,91.7,206.5,4.2764568,1039.5,5.9,4.6,0.0,92.4,231.0,6.2203008,1040.4,3.4,2.5,0.0,94.0,342.6,3.4989192,1039.8,5.0,3.9,0.0,93.2,216.0,4.0820724,1039.4,5.6,4.1,0.0,90.0,239.6,5.442763199999999,1040.4,2.0,1.5,0.0,96.4,91.1,1.5550752,1039.9,3.0,2.3,0.0,95.5,246.3,2.9157659999999996,1039.5,11.0,8.1,0.0,82.4,253.2,8.9416824,1039.2,6.4,4.4,0.0,86.7,256.6,7.775376,1040.4,1.5,1.2,0.0,98.7,341.4,3.6933035999999997,1038.7,10.8,8.8,0.0,88.0,248.2,9.913604399999999,1038.3,9.8,8.2,0.0,90.8,243.3,10.885526399999998,1039.5,5.5,3.9,0.0,89.6,241.4,5.2483788,1039.2,6.6,5.5,0.0,92.1,241.1,5.2483788,1039.3,5.9,4.3,0.0,89.7,247.2,6.9978384,1040.1,3.8,2.7,0.0,93.1,313.5,4.0820724,1039.3,6.4,5.4,0.0,92.3,230.7,4.0820724,1039.3,6.5,4.3,0.0,85.6,251.0,5.2483788,1040.4,5.6,5.1,0.0,96.6,22.0,4.4708412
2020-11-05 04:00:00,1040.0,4.8,4.7,0.0,99.7,206.4,2.1382284,1038.5,7.3,6.6,0.0,95.4,197.7,2.5269972,1036.2,11.5,10.2,0.0,90.7,258.3,19.43844,1040.2,0.9,0.8,0.0,99.3,325.3,2.9157659999999996,1038.8,6.5,4.6,0.0,87.0,244.9,5.831531999999999,1038.7,8.7,7.9,0.0,95.2,258.5,5.6371476,1039.6,4.7,3.5,0.0,92.8,206.3,4.0820724,1039.4,5.5,4.3,0.0,92.3,237.1,6.414685199999999,1040.2,2.7,2.0,0.0,94.7,346.0,3.4989192,1039.8,4.4,3.3,0.0,93.3,223.7,3.1101504,1039.3,5.0,3.8,0.0,92.7,249.2,5.831531999999999,1040.1,2.5,1.6,0.0,93.7,91.5,1.5550752,1039.7,2.5,1.9,0.0,96.1,244.0,2.9157659999999996,1039.3,11.0,8.4,0.0,84.5,264.1,8.3585292,1039.1,6.0,4.1,0.0,87.7,261.7,8.1641448,1040.1,1.9,1.7,0.0,98.9,336.6,3.1101504,1038.3,10.7,9.0,0.0,88.9,252.2,9.71922,1038.0,9.8,8.6,0.0,93.1,246.6,10.885526399999998,1039.5,4.8,3.6,0.0,92.7,248.8,5.442763199999999,1038.9,6.6,5.7,0.0,93.7,232.7,5.0539944,1039.2,5.3,4.0,0.0,91.8,252.4,7.386607199999999,1039.8,3.4,2.3,0.0,93.2,306.4,3.1101504,1039.2,6.2,5.3,0.0,93.6,221.3,4.0820724,1039.2,5.9,4.6,0.0,90.6,247.3,4.665225599999999,1040.1,5.3,5.1,0.0,97.9,33.8,3.887688
2020-11-05 05:00:00,1040.0,4.7,4.6,0.0,99.4,187.6,1.7494596,1038.3,7.0,6.5,0.0,96.5,204.3,2.9157659999999996,1036.1,11.6,10.2,0.0,90.3,261.5,18.8552868,1040.1,0.9,0.9,0.0,99.5,327.9,2.5269972,1038.6,5.9,4.8,0.0,92.1,239.3,5.831531999999999,1038.6,8.5,7.8,0.0,95.6,257.0,5.2483788,1039.5,4.5,3.5,0.0,94.0,199.9,4.0820724,1039.4,5.6,4.1,0.0,90.9,234.1,6.0259164,1040.1,2.9,2.0,0.0,94.2,344.2,3.3045348,1039.7,4.5,3.3,0.0,92.8,222.7,3.4989192,1039.2,4.8,3.6,0.0,92.6,244.8,5.442763199999999,1040.0,2.6,1.5,0.0,92.7,93.5,1.5550752,1039.8,2.1,1.6,0.0,95.9,239.4,2.9157659999999996,1039.2,11.0,8.7,0.0,85.7,266.9,7.580991599999999,1039.0,5.9,3.9,0.0,86.8,261.5,8.1641448,1040.2,1.3,1.0,0.0,98.4,333.7,3.6933035999999997,1038.2,10.9,9.1,0.0,88.7,251.6,8.9416824,1037.9,9.9,8.7,0.0,93.2,247.4,10.3023732,1039.2,5.0,3.7,0.0,92.3,250.7,5.6371476,1038.7,6.6,5.9,0.0,95.0,229.2,5.2483788,1039.1,5.3,3.8,0.0,90.8,252.2,7.1922228,1039.8,3.2,2.2,0.0,93.0,309.7,3.4989192,1039.0,6.0,5.4,0.0,95.0,211.6,3.6933035999999997,1039.0,5.8,4.7,0.0,92.6,239.6,5.0539944,1040.0,5.2,5.0,0.0,98.3,29.8,4.0820724
2020-11-05 06:00:00,1039.8,4.4,4.4,0.0,99.6,168.4,2.5269972,1038.2,7.5,7.0,0.0,96.2,199.8,2.9157659999999996,1036.0,11.6,10.2,0.0,90.5,264.4,17.8833648,1040.0,0.8,0.6,0.0,98.7,331.7,2.9157659999999996,1038.5,5.6,4.8,0.0,94.2,246.9,5.442763199999999,1038.5,8.4,7.7,0.0,95.4,255.3,4.665225599999999,1039.2,4.5,3.7,0.0,95.2,201.0,3.887688,1039.1,5.6,3.9,0.0,89.4,233.9,6.0259164,1040.0,2.7,1.8,0.0,93.9,344.8,3.3045348,1039.4,4.4,3.4,0.0,93.6,221.5,3.887688,1039.0,4.5,3.4,0.0,93.3,250.1,5.2483788,1039.9,2.7,1.6,0.0,92.6,98.5,1.7494596,1039.6,1.9,1.3,0.0,96.1,227.2,2.9157659999999996,1038.9,10.9,8.8,0.0,86.8,269.1,6.9978384,1038.8,5.8,3.7,0.0,86.2,263.9,8.1641448,1040.0,1.6,1.1,0.0,97.8,343.0,3.3045348,1037.9,10.9,9.1,0.0,88.5,244.1,8.5529136,1037.7,10.0,8.8,0.0,93.1,242.8,9.71922,1039.0,4.8,3.7,0.0,93.5,247.1,5.0539944,1038.7,6.7,6.1,0.0,95.5,231.1,5.0539944,1038.9,5.1,3.6,0.0,90.5,255.3,7.1922228,1039.7,2.5,1.7,0.0,94.0,305.9,3.1101504,1038.9,5.7,5.2,0.0,96.1,212.7,3.3045348,1038.8,5.8,4.9,0.0,93.5,252.9,4.665225599999999,1039.9,5.1,4.8,0.0,98.1,26.6,4.4708412
2020-11-05 07:00:00,1039.7,4.3,4.2,0.0,99.6,163.8,2.9157659999999996,1038.1,7.8,7.2,0.0,95.8,197.5,3.3045348,1036.1,11.6,10.2,0.0,90.0,262.3,15.939520799999999,1040.0,0.5,0.4,0.0,98.9,333.8,2.3326127999999997,1038.5,5.5,4.9,0.0,95.3,238.7,5.2483788,1038.4,8.4,7.7,0.0,95.4,248.5,4.665225599999999,1039.1,4.3,3.7,0.0,96.1,201.2,4.0820724,1039.1,5.5,3.8,0.0,89.5,233.8,6.2203008,1039.9,2.2,1.4,0.0,94.1,347.3,3.3045348,1039.4,4.1,3.1,0.0,94.0,207.2,3.1101504,1039.0,4.4,3.4,0.0,93.7,255.5,5.2483788,1039.7,2.8,1.7,0.0,92.8,102.6,2.1382284,1039.6,1.6,1.2,0.0,97.4,227.9,2.9157659999999996,1038.8,10.9,8.8,0.0,86.8,276.1,6.414685199999999,1038.7,5.7,3.6,0.0,86.3,263.4,8.1641448,1039.9,2.0,1.3,0.0,96.3,341.8,2.7213815999999995,1037.9,10.9,9.2,0.0,88.8,236.4,8.747297999999999,1037.6,9.9,8.7,0.0,92.9,236.7,9.71922,1039.1,4.6,3.7,0.0,94.4,255.6,4.665225599999999,1038.5,6.8,6.3,0.0,96.2,238.2,5.0539944,1038.9,5.1,3.4,0.0,90.2,253.8,7.1922228,1039.6,2.3,1.4,0.0,93.9,305.2,3.1101504,1038.7,5.4,5.0,0.0,97.2,220.6,3.1101504,1038.8,5.4,4.7,0.0,95.1,240.4,3.6933035999999997,1039.8,5.2,4.9,0.0,97.6,33.2,4.2764568
2020-11-05 08:00:00,1039.8,4.2,4.1,0.0,99.6,154.2,3.1101504,1038.3,8.0,7.4,0.0,95.9,204.8,2.7213815999999995,1036.5,11.6,10.0,0.0,89.0,256.7,14.3844456,1040.1,0.5,0.4,0.0,98.9,332.8,2.3326127999999997,1038.7,5.8,5.3,0.0,96.1,237.1,5.0539944,1038.4,8.4,7.6,0.0,95.2,255.0,4.665225599999999,1039.1,4.3,3.8,0.0,96.8,191.1,3.6933035999999997,1039.2,5.8,4.1,0.0,89.5,231.9,6.414685199999999,1040.1,2.1,1.4,0.0,94.5,349.0,2.7213815999999995,1039.5,4.2,3.3,0.0,93.9,199.0,3.6933035999999997,1039.0,4.6,3.6,0.0,94.0,250.0,5.2483788,1039.8,3.0,1.9,0.0,92.5,104.6,2.5269972,1039.9,1.6,1.4,0.0,98.3,221.4,2.9157659999999996,1038.7,10.9,8.8,0.0,86.8,267.7,5.2483788,1038.8,5.9,3.6,0.0,85.6,261.6,8.3585292,1040.1,1.8,1.0,0.0,95.5,348.6,2.5269972,1038.0,10.9,9.2,0.0,89.0,231.6,8.747297999999999,1037.9,9.9,8.6,0.0,92.5,231.4,9.1360668,1039.1,4.7,3.9,0.0,95.4,260.1,4.665225599999999,1038.5,6.7,6.3,0.0,96.6,236.1,4.4708412,1038.9,5.3,3.5,0.0,89.0,250.8,7.386607199999999,1039.9,2.8,1.9,0.0,93.7,308.5,3.1101504,1038.7,5.1,4.8,0.0,98.6,207.8,3.1101504,1038.9,5.1,4.5,0.0,96.6,237.8,3.3045348,1039.9,5.3,4.9,0.0,96.9,40.3,4.2764568
2020-11-05 09:00:00,1039.8,4.8,4.6,0.0,98.9,152.1,2.5269972,1038.3,8.6,7.7,0.0,94.3,196.8,2.5269972,1036.5,11.5,9.9,0.0,89.1,250.9,13.8012924,1040.2,2.7,1.9,0.0,94.8,338.2,2.5269972,1038.7,6.8,6.1,0.0,95.1,254.9,5.0539944,1038.4,9.1,8.1,0.0,94.1,254.5,4.4708412,1039.1,5.6,4.8,0.0,94.6,192.6,4.665225599999999,1039.1,7.0,4.8,0.0,85.8,233.5,6.8034539999999994,1040.2,4.3,2.9,0.0,91.4,354.7,3.1101504,1039.5,5.6,4.3,0.0,91.4,197.2,4.665225599999999,1039.0,5.5,4.1,0.0,91.1,238.1,5.2483788,1039.9,5.0,3.6,0.0,91.2,110.0,3.4989192,1039.9,3.5,2.7,0.0,94.3,227.0,3.3045348,1038.6,11.0,8.7,0.0,86.0,253.6,4.665225599999999,1038.8,6.8,4.3,0.0,83.6,260.8,8.3585292,1040.2,4.2,3.1,0.0,93.0,351.8,1.5550752,1038.0,11.0,9.1,0.0,87.8,230.9,8.1641448,1038.0,10.0,8.6,0.0,91.8,230.4,8.747297999999999,1039.0,5.7,4.7,0.0,93.0,247.1,4.4708412,1038.6,7.7,7.0,0.0,95.6,239.1,4.2764568,1038.9,6.3,4.1,0.0,85.4,249.4,7.580991599999999,1040.0,4.6,3.3,0.0,91.8,292.9,3.4989192,1038.6,6.8,6.4,0.0,96.9,208.7,2.7213815999999995,1038.8,6.4,5.7,0.0,94.3,256.3,3.6933035999999997,1040.0,6.3,5.2,0.0,91.3,48.1,4.2764568
2020-11-05 10:00:00,1039.8,6.2,4.9,0.0,90.3,149.1,2.1382284,1038.3,9.3,8.0,0.0,91.9,192.3,2.3326127999999997,1036.5,11.4,9.8,0.0,89.1,244.9,13.2181392,1040.2,6.0,4.0,0.0,87.1,22.3,0.7775376,1038.6,8.2,7.0,0.0,92.5,268.5,4.85961,1038.3,10.1,8.5,0.0,90.6,250.7,4.665225599999999,1039.2,7.3,5.9,0.0,90.3,202.8,4.0820724,1039.3,8.5,5.5,0.0,81.9,240.9,6.2203008,1040.2,6.6,4.7,0.0,87.2,4.2,1.7494596,1039.5,7.2,5.1,0.0,85.1,203.2,3.887688,1039.3,6.9,4.9,0.0,86.1,235.0,4.85961,1039.7,7.5,5.2,0.0,84.1,125.6,3.1101504,1039.8,5.9,3.9,0.0,87.2,226.7,2.1382284,1038.7,11.2,8.6,0.0,84.1,227.3,5.2483788,1039.1,8.3,5.2,0.0,80.5,262.3,7.386607199999999,1040.0,6.5,4.6,0.0,88.1,224.7,0.3887688,1038.0,11.2,8.8,0.0,85.4,232.9,7.775376,1037.9,10.3,8.7,0.0,90.6,231.9,8.3585292,1039.2,7.0,5.5,0.0,89.0,234.0,3.887688,1038.5,9.1,7.8,0.0,92.5,242.4,3.3045348,1039.2,7.9,5.0,0.0,80.8,253.5,6.8034539999999994,1039.9,7.0,4.8,0.0,84.8,271.2,2.7213815999999995,1038.7,8.6,7.6,0.0,93.7,193.6,2.1382284,1038.9,8.0,6.7,0.0,91.4,241.0,2.7213815999999995,1039.9,7.9,5.4,0.0,83.5,62.1,4.4708412
2020-11-05 11:00:00,1039.6,7.9,5.0,0.0,80.6,138.9,1.7494596,1038.2,10.0,8.2,0.0,89.7,213.0,2.5269972,1036.6,11.6,9.7,0.0,87.8,246.5,13.8012924,1039.9,8.6,4.9,0.0,77.0,83.0,0.971922,1038.6,9.0,7.6,0.0,91.2,256.9,4.0820724,1038.3,10.7,8.0,0.0,83.8,245.5,5.442763199999999,1039.3,8.7,6.7,0.0,87.5,205.8,3.887688,1039.4,9.4,6.3,0.0,81.0,244.7,5.6371476,1039.9,8.7,5.3,0.0,78.5,42.5,1.3606907999999998,1039.5,8.7,5.9,0.0,82.4,210.2,3.3045348,1039.3,8.1,5.6,0.0,84.0,237.4,4.665225599999999,1039.5,9.3,5.3,0.0,76.0,148.6,3.3045348,1039.8,7.8,5.0,0.0,81.1,227.2,1.5550752,1038.7,11.2,8.5,0.0,83.7,218.6,6.414685199999999,1039.2,9.3,6.0,0.0,80.0,260.3,6.6090696,1040.0,8.2,5.3,0.0,81.9,194.3,0.7775376,1037.9,11.3,8.7,0.0,84.1,226.0,7.1922228,1037.9,10.6,8.8,0.0,88.9,234.0,8.3585292,1039.3,8.2,6.2,0.0,86.9,233.1,3.887688,1038.5,10.2,8.2,0.0,88.2,238.5,4.0820724,1039.3,9.0,5.7,0.0,79.9,253.5,6.414685199999999,1039.9,8.8,5.5,0.0,79.3,264.0,2.5269972,1038.7,9.9,8.3,0.0,90.6,194.5,3.3045348,1039.0,9.2,7.5,0.0,89.6,214.6,3.3045348,1039.7,9.1,5.1,0.0,76.0,78.2,4.665225599999999
2020-11-05 12:00:00,1039.4,9.3,5.2,0.0,75.5,144.1,1.7494596,1038.1,10.6,8.3,0.0,86.3,217.0,2.3326127999999997,1036.7,11.8,9.8,0.0,86.9,247.5,13.4125236,1039.5,9.7,4.4,0.0,69.8,95.4,1.1663063999999999,1038.6,9.9,8.1,0.0,89.7,235.7,3.6933035999999997,1038.3,11.0,7.8,0.0,81.1,232.6,5.831531999999999,1039.1,9.7,7.3,0.0,85.7,210.8,3.6933035999999997,1039.2,10.1,6.9,0.0,80.7,252.1,4.85961,1039.5,9.7,4.9,0.0,72.0,70.9,1.1663063999999999,1039.3,9.7,6.5,0.0,81.1,221.2,2.9157659999999996,1039.2,8.9,6.2,0.0,83.2,240.0,4.4708412,1039.1,9.9,4.9,0.0,71.3,155.6,3.6933035999999997,1039.5,9.1,5.6,0.0,78.8,219.4,1.5550752,1038.6,11.1,8.5,0.0,83.9,215.4,7.775376,1039.0,10.0,6.5,0.0,79.8,265.0,6.2203008,1039.7,9.5,5.1,0.0,74.2,174.0,0.7775376,1037.8,11.3,8.5,0.0,82.9,218.7,7.775376,1037.9,10.8,8.7,0.0,87.3,233.9,7.580991599999999,1039.2,9.2,6.8,0.0,85.5,238.7,3.887688,1038.4,10.8,8.1,0.0,84.1,218.6,4.2764568,1039.1,9.7,6.3,0.0,79.6,257.6,5.831531999999999,1039.6,9.8,4.8,0.0,70.8,256.7,3.1101504,1038.6,10.7,8.2,0.0,84.5,202.7,4.0820724,1038.9,10.0,7.9,0.0,87.7,212.2,3.6933035999999997,1039.2,9.7,5.3,0.0,74.0,88.0,5.2483788
2020-11-05 13:00:00,1038.9,10.1,5.6,0.0,73.9,152.9,1.943844,1037.9,10.9,8.5,0.0,85.6,187.7,3.1101504,1036.5,11.8,9.9,0.0,86.9,248.7,12.4406016,1038.8,10.2,4.2,0.0,66.4,87.8,1.3606907999999998,1038.3,10.1,8.2,0.0,89.1,227.4,3.6933035999999997,1038.0,11.1,7.7,0.0,80.3,229.2,5.442763199999999,1038.6,10.3,7.6,0.0,84.3,228.2,3.6933035999999997,1038.8,10.3,7.2,0.0,81.3,252.8,4.2764568,1038.8,10.2,4.5,0.0,68.3,82.2,1.5550752,1038.8,10.4,6.9,0.0,79.9,223.3,2.7213815999999995,1038.7,9.3,6.6,0.0,83.8,258.9,3.6933035999999997,1038.4,10.2,4.6,0.0,68.4,153.6,3.3045348,1039.0,9.8,6.0,0.0,77.5,227.8,1.3606907999999998,1038.3,11.0,8.4,0.0,84.3,215.8,9.1360668,1038.6,10.1,6.7,0.0,80.5,268.0,5.6371476,1039.0,10.1,4.7,0.0,69.9,165.4,0.5831531999999999,1037.5,11.2,8.4,0.0,82.7,211.2,8.9416824,1037.7,11.0,8.7,0.0,85.8,233.4,6.6090696,1038.7,9.8,7.1,0.0,83.8,249.2,3.3045348,1038.1,11.0,7.9,0.0,81.3,211.0,4.665225599999999,1038.6,9.8,6.5,0.0,80.8,260.6,5.0539944,1038.9,10.3,4.5,0.0,67.4,266.4,3.1101504,1038.2,11.2,7.9,0.0,80.2,208.2,4.665225599999999,1038.5,10.5,8.0,0.0,84.8,211.7,3.887688,1038.5,10.1,5.5,0.0,73.7,94.7,5.831531999999999
2020-11-05 14:00:00,1038.4,10.5,5.7,0.0,72.7,117.3,1.3606907999999998,1037.6,11.0,8.5,0.0,84.7,187.5,4.4708412,1036.3,11.9,9.9,0.0,86.9,250.6,11.857448399999999,1038.2,10.3,4.3,0.0,66.2,95.3,1.943844,1038.0,10.3,8.2,0.0,87.1,230.3,4.0820724,1037.7,11.3,7.7,0.0,78.5,226.3,5.0539944,1038.2,10.6,7.7,0.0,83.3,232.8,3.4989192,1038.4,10.3,7.3,0.0,81.6,250.6,4.0820724,1038.3,10.3,4.6,0.0,67.9,100.3,2.1382284,1038.4,10.7,7.0,0.0,78.6,221.3,2.9157659999999996,1038.2,9.6,6.9,0.0,84.2,250.3,3.3045348,1037.8,10.3,4.4,0.0,66.9,149.1,2.9157659999999996,1038.5,10.2,6.2,0.0,76.9,257.7,1.1663063999999999,1038.0,10.9,8.2,0.0,83.9,215.4,8.747297999999999,1038.2,10.4,7.0,0.0,80.1,263.5,5.0539944,1038.4,10.3,4.4,0.0,67.4,89.8,0.5831531999999999,1037.3,11.2,8.2,0.0,82.4,209.0,9.330451199999999,1037.5,11.1,8.6,0.0,85.1,228.2,5.2483788,1038.2,10.1,7.1,0.0,82.9,249.1,2.9157659999999996,1037.8,11.1,7.6,0.0,79.4,212.7,4.85961,1038.2,10.1,6.8,0.0,80.7,255.0,4.665225599999999,1038.4,10.4,4.5,0.0,66.7,287.9,2.5269972,1037.9,11.2,7.8,0.0,79.7,209.9,4.665225599999999,1038.0,10.9,7.9,0.0,82.2,221.9,3.4989192,1037.9,10.2,5.6,0.0,73.4,100.1,6.414685199999999
2020-11-05 15:00:00,1037.5,10.4,5.7,0.0,72.9,91.5,1.7494596,1037.0,10.9,8.1,0.0,83.6,195.7,4.85961,1035.9,11.9,9.9,0.0,86.9,252.1,11.2742952,1037.5,10.0,4.5,0.0,68.7,94.0,2.5269972,1037.4,10.2,8.1,0.0,87.6,235.5,3.6933035999999997,1037.0,11.1,7.7,0.0,79.6,231.1,4.665225599999999,1037.6,10.5,7.6,0.0,82.6,227.1,2.9157659999999996,1037.7,10.3,7.4,0.0,82.3,250.7,4.0820724,1037.5,10.1,4.8,0.0,70.0,99.2,2.7213815999999995,1037.7,10.5,6.9,0.0,79.0,232.5,1.943844,1037.6,9.7,7.0,0.0,83.9,240.7,3.887688,1037.0,10.1,4.3,0.0,67.6,140.2,2.9157659999999996,1037.7,10.1,6.3,0.0,77.9,346.5,0.7775376,1037.3,10.8,8.0,0.0,83.3,216.9,7.775376,1037.6,10.4,7.1,0.0,80.9,264.3,4.665225599999999,1037.6,10.1,4.4,0.0,67.7,95.3,1.1663063999999999,1036.8,11.1,8.2,0.0,82.8,209.2,9.5248356,1036.9,11.0,8.8,0.0,86.2,220.5,4.0820724,1037.7,10.0,7.2,0.0,83.6,232.7,3.3045348,1037.2,10.9,7.6,0.0,80.3,218.9,4.4708412,1037.6,10.1,6.9,0.0,81.4,256.5,4.665225599999999,1037.7,10.3,4.7,0.0,68.3,302.5,1.5550752,1037.2,11.2,7.8,0.0,79.7,211.7,4.4708412,1037.4,10.7,7.8,0.0,82.9,220.3,3.4989192,1037.2,10.2,5.7,0.0,73.9,102.9,6.9978384
2020-11-05 16:00:00,1036.9,10.0,6.0,0.0,77.0,87.8,2.5269972,1036.6,10.5,8.0,0.0,85.1,183.7,3.1101504,1035.7,11.7,9.9,0.0,87.6,253.3,10.3023732,1036.9,9.0,5.5,0.0,78.4,110.5,2.1382284,1037.0,9.8,8.2,0.0,90.7,243.0,2.3326127999999997,1036.5,10.8,7.9,0.0,83.0,237.9,4.0820724,1037.0,10.0,8.0,0.0,87.8,242.2,1.5550752,1037.2,9.9,7.6,0.0,85.7,257.9,3.1101504,1036.9,9.3,5.6,0.0,77.4,110.8,2.7213815999999995,1037.1,9.9,7.1,0.0,84.1,272.5,1.3606907999999998,1037.1,9.4,7.2,0.0,86.7,244.8,2.7213815999999995,1036.5,9.4,5.3,0.0,75.6,133.4,1.943844,1037.0,9.2,7.0,0.0,86.2,44.6,1.5550752,1036.7,10.6,7.7,0.0,82.8,221.5,5.442763199999999,1037.0,10.0,7.4,0.0,84.9,275.3,3.6933035999999997,1037.0,9.5,4.3,0.0,70.6,125.5,1.7494596,1036.2,10.9,8.7,0.0,86.5,205.1,8.3585292,1036.5,10.9,8.9,0.0,87.6,209.0,3.4989192,1037.1,9.6,7.4,0.0,87.2,240.7,2.3326127999999997,1036.7,10.7,7.8,0.0,82.5,209.1,3.4989192,1037.1,9.6,7.1,0.0,85.2,266.4,3.3045348,1037.0,9.5,5.1,0.0,73.6,234.6,1.3606907999999998,1036.8,10.8,8.0,0.0,83.2,206.8,3.887688,1037.0,10.2,7.9,0.0,86.6,214.4,2.5269972,1036.6,10.0,6.0,0.0,76.6,104.5,7.580991599999999
2020-11-05 17:00:00,1036.5,9.2,6.9,0.0,86.3,100.6,3.3045348,1036.3,9.9,7.8,0.0,87.6,170.2,3.1101504,1035.5,11.6,9.8,0.0,87.7,249.5,9.330451199999999,1036.4,6.1,4.3,0.0,87.9,117.7,4.0820724,1036.6,9.0,7.9,0.0,92.9,243.9,2.5269972,1036.1,10.0,8.0,0.0,88.6,240.8,3.1101504,1036.4,9.4,7.2,0.0,87.1,355.6,0.5831531999999999,1036.7,8.6,7.3,0.0,91.3,249.8,2.3326127999999997,1036.4,7.5,5.0,0.0,82.8,108.3,3.3045348,1036.5,9.1,6.5,0.0,84.2,297.7,1.1663063999999999,1036.6,8.3,7.0,0.0,91.4,270.1,2.5269972,1036.1,7.0,4.3,0.0,82.1,127.7,3.1101504,1036.5,8.1,5.9,0.0,85.4,54.6,2.5269972,1036.2,10.4,7.7,0.0,83.8,207.4,4.2764568,1036.6,9.0,7.1,0.0,88.1,290.0,3.3045348,1036.5,8.9,3.9,0.0,71.7,101.7,1.5550752,1035.8,10.5,8.8,0.0,89.5,204.5,8.1641448,1036.1,10.8,8.6,0.0,87.0,200.3,3.6933035999999997,1036.6,8.4,7.1,0.0,91.8,267.5,2.7213815999999995,1036.3,9.8,7.8,0.0,87.8,192.3,2.9157659999999996,1036.6,8.4,6.9,0.0,90.3,275.7,2.7213815999999995,1036.5,8.8,4.4,0.0,73.6,231.6,1.943844,1036.3,9.5,7.8,0.0,90.0,203.9,2.7213815999999995,1036.5,9.1,7.7,0.0,91.4,235.8,2.7213815999999995,1036.1,9.4,6.6,0.0,83.1,98.4,7.386607199999999
2020-11-05 18:00:00,1036.0,8.4,7.5,0.0,94.5,109.3,3.4989192,1035.8,9.3,7.7,0.0,90.3,153.3,2.9157659999999996,1035.3,11.5,9.7,0.0,87.9,245.9,8.1641448,1036.0,5.3,3.7,0.0,90.0,100.6,4.4708412,1036.2,8.5,7.7,0.0,94.8,263.3,2.5269972,1035.6,8.4,7.6,0.0,94.7,243.3,2.7213815999999995,1035.9,8.3,6.9,0.0,91.3,99.0,0.1943844,1036.4,7.0,6.1,0.0,94.4,223.1,2.1382284,1036.0,6.6,4.6,0.0,86.3,87.0,4.0820724,1036.0,8.5,6.4,0.0,86.3,77.0,0.5831531999999999,1036.2,7.7,6.4,0.0,91.4,299.6,2.9157659999999996,1035.6,5.9,3.6,0.0,85.2,104.8,2.5269972,1036.2,7.6,5.8,0.0,87.8,51.1,2.7213815999999995,1035.6,10.3,7.7,0.0,84.5,182.5,3.887688,1036.3,7.9,6.5,0.0,90.9,284.8,2.5269972,1036.0,8.0,3.7,0.0,75.0,58.2,1.1663063999999999,1035.3,10.4,8.8,0.0,90.8,205.4,6.6090696,1035.8,10.4,8.3,0.0,87.2,197.9,3.887688,1036.1,7.8,6.9,0.0,94.1,314.1,2.5269972,1035.7,9.2,7.7,0.0,91.0,184.8,2.7213815999999995,1036.3,6.9,6.1,0.0,93.8,261.5,3.1101504,1036.1,8.2,4.1,0.0,75.0,252.4,1.7494596,1035.8,8.2,7.3,0.0,94.3,189.7,2.5269972,1036.0,9.4,7.5,0.0,88.3,282.4,1.7494596,1035.6,9.1,7.3,0.0,89.1,86.5,6.9978384
2020-11-05 19:00:00,1035.4,7.6,7.4,0.0,98.8,121.5,3.3045348,1035.3,8.9,7.6,0.0,91.9,139.5,2.7213815999999995,1035.1,11.3,9.5,0.0,88.0,233.5,6.9978384,1035.5,4.6,3.3,0.0,92.3,70.1,4.4708412,1035.7,8.7,7.4,0.0,92.4,260.5,2.1382284,1035.2,7.2,6.7,0.0,96.3,233.0,3.3045348,1035.5,6.4,5.9,0.0,96.1,130.2,1.3606907999999998,1036.0,7.2,6.0,0.0,92.7,188.8,1.3606907999999998,1035.5,6.7,4.8,0.0,87.1,71.6,3.4989192,1035.6,6.3,5.3,0.0,92.9,118.5,2.1382284,1035.9,8.0,6.7,0.0,91.2,302.9,0.971922,1035.1,4.8,3.0,0.0,89.2,97.3,2.5269972,1035.9,6.8,5.6,0.0,90.9,44.7,2.9157659999999996,1035.2,10.1,7.7,0.0,85.8,174.5,4.2764568,1036.0,7.1,6.1,0.0,93.3,256.9,2.1382284,1035.6,5.7,3.1,0.0,83.9,69.2,2.3326127999999997,1034.8,10.1,8.8,0.0,92.1,203.5,5.831531999999999,1035.3,10.0,8.1,0.0,89.0,189.2,3.3045348,1035.8,6.8,6.3,0.0,96.5,33.5,2.1382284,1035.3,8.1,7.2,0.0,94.3,175.7,3.1101504,1036.0,6.2,5.6,0.0,95.8,231.9,2.3326127999999997,1035.8,7.7,4.1,0.0,77.4,299.6,0.971922,1035.3,7.0,6.6,0.0,97.0,178.1,2.3326127999999997,1035.5,8.9,7.3,0.0,90.4,42.9,0.971922,1035.1,8.8,7.4,0.0,91.8,73.9,6.8034539999999994
2020-11-05 20:00:00,1035.0,6.7,6.5,0.0,99.0,137.2,3.4989192,1034.8,8.4,7.4,0.0,93.7,141.1,2.7213815999999995,1034.7,11.0,9.2,0.0,88.5,215.6,6.414685199999999,1035.2,4.6,3.6,0.0,93.6,59.9,3.3045348,1035.3,8.9,7.3,0.0,89.9,160.6,0.5831531999999999,1034.8,6.8,6.5,0.0,97.9,211.3,3.3045348,1035.1,5.4,5.3,0.0,99.2,121.2,1.5550752,1035.7,6.5,5.4,0.0,93.3,159.1,1.5550752,1035.2,6.9,5.2,0.0,88.0,69.4,3.6933035999999997,1035.2,5.4,4.8,0.0,95.9,121.2,3.3045348,1035.6,7.0,6.2,0.0,94.4,153.6,0.7775376,1034.6,4.9,3.0,0.0,88.4,101.9,2.3326127999999997,1035.5,6.2,5.3,0.0,93.6,55.2,2.7213815999999995,1034.7,10.0,7.6,0.0,85.8,162.2,4.0820724,1035.7,6.4,5.7,0.0,94.6,230.8,1.7494596,1035.3,3.1,1.6,0.0,90.8,79.7,3.4989192,1034.4,9.8,8.6,0.0,93.1,191.0,5.442763199999999,1034.8,9.6,8.0,0.0,90.6,169.9,3.4989192,1035.4,5.8,5.7,0.0,99.0,68.2,2.9157659999999996,1034.9,7.1,6.7,0.0,96.7,176.6,3.6933035999999997,1035.7,5.3,4.9,0.0,97.1,210.3,1.7494596,1035.5,6.6,3.8,0.0,82.1,333.2,0.3887688,1035.0,6.2,6.0,0.0,98.5,170.1,2.7213815999999995,1035.2,7.0,6.4,0.0,95.8,112.0,1.7494596,1034.7,8.4,7.2,0.0,92.3,68.6,6.9978384
2020-11-05 21:00:00,1034.8,5.4,5.3,0.0,99.4,143.9,3.6933035999999997,1034.4,8.0,7.2,0.0,95.2,140.3,3.1101504,1034.3,10.7,9.0,0.0,89.3,215.1,5.0539944,1034.8,5.1,4.1,0.0,94.1,54.2,3.1101504,1035.1,8.0,6.9,0.0,93.3,136.7,1.1663063999999999,1034.3,5.9,5.7,0.0,98.9,189.6,3.3045348,1034.7,4.9,4.8,0.0,99.7,111.7,2.7213815999999995,1035.3,5.7,5.0,0.0,95.4,151.8,1.943844,1034.8,6.5,5.1,0.0,89.8,66.7,3.6933035999999997,1034.9,5.3,4.6,0.0,95.2,125.6,3.1101504,1035.3,6.2,5.7,0.0,96.2,135.5,1.7494596,1034.2,4.4,2.8,0.0,89.8,97.5,3.1101504,1035.1,5.6,5.0,0.0,95.7,86.6,2.7213815999999995,1034.2,9.8,7.5,0.0,86.2,153.9,4.4708412,1035.3,5.6,5.2,0.0,96.5,244.0,1.943844,1035.1,2.9,1.5,0.0,91.5,83.8,3.4989192,1033.9,9.6,8.4,0.0,93.4,183.1,5.6371476,1034.3,9.1,7.8,0.0,92.2,161.9,3.887688,1035.2,6.1,5.9,0.0,98.7,83.0,2.7213815999999995,1034.5,6.5,6.2,0.0,97.4,171.2,3.4989192,1035.3,5.2,4.8,0.0,97.5,222.0,1.1663063999999999,1035.3,6.9,4.0,0.0,81.8,28.9,0.971922,1034.5,5.6,5.5,0.0,99.6,148.9,2.3326127999999997,1034.9,6.9,6.4,0.0,97.0,123.7,3.1101504,1034.2,8.2,7.1,0.0,92.6,65.2,7.1922228
2020-11-05 22:00:00,1034.5,4.4,4.3,0.0,99.7,134.5,3.3045348,1034.1,7.5,7.0,0.0,96.5,141.2,3.887688,1034.0,10.4,9.0,0.0,91.4,208.9,5.442763199999999,1034.3,4.8,4.1,0.0,96.1,49.7,4.4708412,1034.8,7.5,6.9,0.0,95.9,129.7,2.7213815999999995,1033.9,4.8,4.7,0.0,99.3,163.6,3.3045348,1034.3,4.6,4.5,0.0,99.5,120.8,3.6933035999999997,1034.8,5.5,4.9,0.0,96.1,148.9,2.7213815999999995,1034.3,6.6,5.4,0.0,91.3,64.8,4.2764568,1034.6,4.5,3.8,0.0,95.8,137.5,3.3045348,1034.8,6.0,5.7,0.0,97.7,91.8,2.3326127999999997,1033.7,4.1,2.6,0.0,90.8,93.7,3.887688,1034.9,3.5,3.4,0.0,99.3,123.4,3.887688,1033.8,9.5,7.6,0.0,88.7,144.7,6.0259164,1034.9,5.5,5.0,0.0,96.7,233.4,1.3606907999999998,1034.7,2.4,1.2,0.0,92.6,81.7,3.6933035999999997,1033.5,9.4,8.4,0.0,93.7,177.7,5.831531999999999,1034.0,9.0,7.6,0.0,91.8,158.6,4.4708412,1034.7,5.9,5.8,0.0,98.9,84.7,3.1101504,1034.2,5.9,5.8,0.0,98.7,159.7,3.4989192,1034.9,5.1,4.9,0.0,98.4,198.5,1.3606907999999998,1034.8,7.4,4.3,0.0,80.1,77.0,1.3606907999999998,1034.2,5.3,5.2,0.0,99.1,136.5,3.1101504,1034.5,6.2,5.9,0.0,97.6,129.0,3.4989192,1033.7,8.2,7.1,0.0,93.0,66.2,7.775376
2020-11-05 23:00:00,1034.1,3.9,3.9,0.0,99.8,129.8,3.3045348,1034.0,7.1,6.7,0.0,97.4,138.4,3.887688,1033.7,10.1,8.9,0.0,93.0,187.0,6.2203008,1033.8,4.7,4.1,0.0,96.6,47.3,3.6933035999999997,1034.4,7.0,6.6,0.0,96.7,126.7,2.3326127999999997,1033.8,4.4,4.3,0.0,99.4,139.6,2.7213815999999995,1034.1,4.5,4.2,0.0,98.5,128.1,3.887688,1034.4,5.8,5.0,0.0,95.2,147.2,2.9157659999999996,1033.7,6.6,5.5,0.0,91.7,61.1,4.4708412,1034.2,4.4,3.7,0.0,95.8,149.8,3.3045348,1034.4,4.9,4.9,0.0,99.5,117.2,2.7213815999999995,1033.3,4.2,2.5,0.0,89.6,91.4,4.665225599999999,1034.4,2.9,2.8,0.0,99.4,143.6,4.0820724,1033.5,9.4,7.7,0.0,90.1,142.3,7.1922228,1034.5,5.4,5.1,0.0,97.6,222.2,1.3606907999999998,1034.1,2.4,1.3,0.0,93.2,70.1,3.4989192,1033.3,9.2,8.3,0.0,94.3,167.9,6.6090696,1033.9,8.7,7.3,0.0,90.8,150.7,4.85961,1034.3,5.6,5.5,0.0,99.1,102.6,3.1101504,1034.0,5.2,5.2,0.0,99.5,158.7,3.1101504,1034.5,4.5,4.5,0.0,99.4,176.0,2.3326127999999997,1034.3,7.8,4.5,0.0,79.3,83.0,2.1382284,1034.0,4.9,4.9,0.0,99.5,137.7,2.9157659999999996,1034.2,5.7,5.5,0.0,98.3,129.0,3.1101504,1033.1,8.3,7.2,0.0,93.0,64.3,8.3585292
2020-11-06 00:00:00,1033.5,3.6,3.5,0.0,99.6,123.6,2.7213815999999995,1033.6,6.6,6.4,0.0,98.5,140.5,3.6933035999999997,1033.4,9.9,8.7,0.0,92.9,178.6,6.9978384,1033.1,4.9,4.3,0.0,96.1,42.3,4.665225599999999,1033.9,6.9,6.5,0.0,97.4,130.7,2.1382284,1033.4,5.2,5.0,0.0,99.0,140.3,2.5269972,1033.5,4.0,3.7,0.0,98.4,123.3,3.6933035999999997,1033.9,5.3,4.6,0.0,95.6,147.9,3.4989192,1033.0,6.8,5.6,0.0,91.4,55.5,4.665225599999999,1033.7,3.7,3.2,0.0,96.8,155.8,3.4989192,1033.9,4.4,4.3,0.0,99.4,107.6,3.4989192,1032.5,4.4,2.4,0.0,87.4,91.5,5.0539944,1033.8,2.7,2.6,0.0,99.4,152.8,3.887688,1033.1,9.3,7.3,0.0,88.0,145.4,6.9978384,1034.0,6.6,5.8,0.0,94.6,220.0,0.971922,1033.5,2.4,1.3,0.0,93.7,68.2,3.4989192,1033.0,8.9,8.0,0.0,94.4,164.9,7.1922228,1033.4,8.6,7.2,0.0,91.1,153.2,4.4708412,1033.9,5.1,5.0,0.0,99.3,116.8,2.5269972,1033.6,5.0,5.0,0.0,99.6,156.3,2.9157659999999996,1033.9,5.6,5.3,0.0,97.8,153.0,2.3326127999999997,1033.7,6.6,4.1,0.0,83.9,89.0,3.1101504,1033.6,5.3,5.2,0.0,99.5,137.0,2.9157659999999996,1033.8,5.6,5.4,0.0,98.3,131.0,2.9157659999999996,1032.3,8.3,7.0,0.0,92.0,59.0,8.5529136
2020-11-06 01:00:00,1032.8,3.3,3.2,0.0,99.7,106.7,3.1101504,1033.0,6.1,6.0,0.0,99.4,150.6,4.0820724,1032.9,9.8,8.6,0.0,92.8,177.8,6.8034539999999994,1032.2,5.1,4.3,0.0,95.5,36.4,4.665225599999999,1033.5,6.8,6.4,0.0,96.8,136.6,3.1101504,1032.8,5.6,5.4,0.0,98.7,137.6,2.3326127999999997,1032.9,3.6,3.5,0.0,99.5,115.4,3.4989192,1033.4,5.1,4.5,0.0,96.8,144.8,3.3045348,1032.1,6.9,5.6,0.0,90.6,49.0,5.0539944,1033.0,3.0,2.7,0.0,98.0,144.3,4.665225599999999,1033.5,4.4,4.3,0.0,99.3,106.6,3.1101504,1031.6,4.4,2.5,0.0,88.1,93.6,5.2483788,1033.3,2.8,2.6,0.0,99.0,137.4,3.6933035999999997,1032.3,9.0,6.8,0.0,87.0,140.5,6.6090696,1033.5,6.9,6.0,0.0,93.7,144.4,1.1663063999999999,1032.7,2.8,1.8,0.0,94.0,68.7,3.3045348,1032.3,8.6,7.7,0.0,94.2,161.2,6.8034539999999994,1032.8,8.1,7.0,0.0,92.8,156.2,4.4708412,1033.4,5.1,5.1,0.0,99.6,108.1,2.5269972,1033.0,5.5,5.4,0.0,99.4,147.1,2.7213815999999995,1033.5,5.4,5.1,0.0,97.7,120.3,2.7213815999999995,1033.0,6.0,4.3,0.0,88.6,83.3,3.4989192,1032.9,5.3,5.3,0.0,99.9,134.6,2.7213815999999995,1033.2,5.5,5.3,0.0,98.6,122.0,2.5269972,1031.4,8.4,7.1,0.0,91.5,61.4,8.5529136
2020-11-06 02:00:00,1032.1,3.0,3.0,0.0,99.9,96.5,2.7213815999999995,1032.5,5.6,5.6,0.0,99.9,140.4,3.3045348,1032.4,9.7,8.4,0.0,92.4,175.5,6.9978384,1031.3,5.6,4.7,0.0,93.3,37.9,4.665225599999999,1032.9,7.2,6.7,0.0,96.7,126.2,2.7213815999999995,1032.0,6.1,5.8,0.0,98.3,117.5,2.3326127999999997,1032.3,3.5,3.5,0.0,99.7,113.4,3.3045348,1032.9,5.1,4.7,0.0,97.6,151.3,2.9157659999999996,1031.2,7.4,5.9,0.0,89.9,56.7,5.2483788,1032.5,3.1,2.8,0.0,97.8,130.1,4.2764568,1033.0,4.2,4.1,0.0,99.3,121.9,3.3045348,1030.7,4.8,3.2,0.0,90.6,84.8,5.442763199999999,1032.7,4.2,3.8,0.0,97.7,102.8,2.7213815999999995,1031.5,8.5,6.8,0.0,88.8,126.6,5.831531999999999,1033.0,7.4,6.4,0.0,93.5,165.0,1.943844,1031.8,3.3,2.2,0.0,93.1,54.8,3.1101504,1031.7,8.2,7.3,0.0,94.1,151.6,6.0259164,1032.4,7.7,6.8,0.0,94.5,158.1,4.2764568,1032.9,4.9,4.8,0.0,99.5,106.8,3.6933035999999997,1032.3,5.7,5.5,0.0,98.7,137.6,2.7213815999999995,1033.0,5.9,5.5,0.0,96.6,138.4,2.5269972,1032.2,7.3,5.3,0.0,86.0,76.1,3.1101504,1032.2,5.4,5.3,0.0,99.6,120.7,2.9157659999999996,1032.7,5.5,5.3,0.0,98.9,108.6,2.9157659999999996,1030.4,8.5,7.3,0.0,91.8,66.1,8.747297999999999
2020-11-06 03:00:00,1031.2,3.0,3.0,0.0,99.9,88.3,2.5269972,1031.8,6.0,5.9,0.0,99.4,133.5,3.6933035999999997,1031.8,9.7,8.2,0.0,91.1,182.2,7.775376,1030.4,6.3,5.0,0.0,90.7,42.3,4.665225599999999,1032.2,7.3,6.8,0.0,96.9,117.3,3.1101504,1031.3,6.0,5.9,0.0,99.0,109.6,3.1101504,1031.4,3.4,3.3,0.0,99.7,104.8,3.3045348,1032.1,5.5,5.1,0.0,97.8,150.4,2.7213815999999995,1030.4,7.8,6.2,0.0,88.9,65.6,5.442763199999999,1031.6,5.0,4.4,0.0,96.3,113.1,2.5269972,1032.2,4.4,4.3,0.0,99.3,112.9,2.7213815999999995,1029.8,5.1,3.8,0.0,91.7,78.2,5.442763199999999,1031.8,5.0,4.5,0.0,96.7,55.1,1.943844,1030.7,8.0,6.6,0.0,91.1,110.4,6.8034539999999994,1032.2,7.7,6.7,0.0,93.0,52.6,1.943844,1031.0,4.1,2.8,0.0,92.2,54.6,3.4989192,1030.9,7.9,7.1,0.0,94.5,136.2,5.831531999999999,1031.8,7.5,6.7,0.0,94.8,150.8,4.2764568,1032.1,4.8,4.7,0.0,99.7,102.1,3.4989192,1031.6,5.7,5.4,0.0,97.5,124.9,3.3045348,1032.2,6.0,5.7,0.0,97.1,53.3,2.1382284,1031.4,7.1,5.2,0.0,86.4,89.0,4.0820724,1031.5,5.5,5.4,0.0,99.1,119.3,3.6933035999999997,1031.9,5.5,5.4,0.0,99.1,105.7,3.1101504,1029.5,8.9,7.4,0.0,90.6,74.7,8.9416824
2020-11-06 04:00:00,1030.6,2.9,2.9,0.0,99.6,104.5,2.5269972,1031.1,6.5,6.4,0.0,98.9,129.1,4.0820724,1031.2,9.6,7.9,0.0,90.0,179.7,8.3585292,1029.6,6.6,5.3,0.0,90.6,48.0,4.665225599999999,1031.5,7.3,6.9,0.0,97.3,97.6,3.3045348,1030.6,5.8,5.6,0.0,98.9,100.4,3.1101504,1030.5,3.8,3.6,0.0,98.8,93.9,3.6933035999999997,1031.3,5.9,5.5,0.0,97.6,142.1,2.7213815999999995,1029.6,8.1,6.3,0.0,88.0,70.0,5.831531999999999,1030.7,5.5,4.8,0.0,95.1,110.1,2.5269972,1031.4,5.5,5.3,0.0,98.8,99.6,2.9157659999999996,1028.9,5.2,4.0,0.0,92.9,73.4,5.2483788,1031.0,4.7,4.2,0.0,97.2,79.0,2.9157659999999996,1029.9,7.2,6.4,0.0,95.1,96.7,7.775376,1031.4,8.2,6.9,0.0,91.6,104.8,1.943844,1030.2,5.1,3.9,0.0,92.6,55.1,4.2764568,1030.2,7.5,6.8,0.0,95.4,123.3,6.0259164,1031.2,7.6,6.7,0.0,93.7,138.0,4.665225599999999,1031.3,4.8,4.7,0.0,99.5,97.3,3.3045348,1030.9,6.1,5.6,0.0,96.8,114.4,3.6933035999999997,1031.4,6.6,6.1,0.0,96.7,49.7,1.943844,1030.6,7.7,5.6,0.0,85.8,99.6,4.665225599999999,1030.7,5.5,5.3,0.0,98.3,111.5,3.6933035999999997,1031.1,5.9,5.8,0.0,99.1,97.5,3.6933035999999997,1028.7,9.1,7.5,0.0,90.1,81.4,9.71922
2020-11-06 05:00:00,1029.8,2.8,2.7,0.0,99.9,97.4,2.3326127999999997,1030.3,6.8,6.5,0.0,97.9,118.4,4.0820724,1030.6,9.3,7.6,0.0,89.3,180.0,7.775376,1028.8,6.9,5.6,0.0,90.6,51.6,4.85961,1030.8,7.3,7.0,0.0,98.1,98.0,3.4989192,1029.8,5.7,5.5,0.0,98.9,94.1,3.3045348,1030.0,3.9,3.7,0.0,98.3,104.6,3.887688,1030.6,6.0,5.6,0.0,97.1,119.4,3.1101504,1028.8,8.4,6.3,0.0,86.5,74.5,6.414685199999999,1030.1,5.2,4.7,0.0,96.3,122.8,2.5269972,1030.7,5.7,5.6,0.0,98.6,90.8,3.887688,1028.2,5.4,4.2,0.0,92.5,77.2,5.2483788,1030.3,4.1,3.5,0.0,96.1,91.6,4.0820724,1029.3,6.5,6.1,0.0,96.7,97.5,8.747297999999999,1030.7,7.3,6.6,0.0,94.7,122.6,3.887688,1029.4,5.5,4.4,0.0,93.0,59.1,4.665225599999999,1029.4,7.1,6.5,0.0,96.2,116.5,6.0259164,1030.5,7.6,6.7,0.0,94.2,122.9,5.0539944,1030.5,4.8,4.7,0.0,99.3,83.1,3.6933035999999997,1030.0,6.1,5.7,0.0,97.3,103.8,4.0820724,1030.7,6.1,5.8,0.0,97.7,94.8,3.4989192,1030.0,7.9,5.7,0.0,85.6,107.2,5.442763199999999,1030.0,5.5,5.3,0.0,98.4,110.6,3.887688,1030.3,6.0,5.9,0.0,98.7,99.7,4.2764568,1027.9,9.4,7.4,0.0,87.9,84.0,10.4967576
2020-11-06 06:00:00,1029.2,3.1,3.1,0.0,99.6,89.8,2.7213815999999995,1029.8,6.8,6.5,0.0,97.2,114.2,4.4708412,1030.3,9.1,7.4,0.0,89.6,184.0,7.580991599999999,1028.2,7.3,5.8,0.0,89.8,58.4,4.85961,1030.2,7.3,7.1,0.0,98.1,95.0,3.6933035999999997,1029.4,5.6,5.5,0.0,99.1,102.4,3.887688,1029.4,3.9,3.7,0.0,98.9,103.7,4.0820724,1030.1,6.9,6.0,0.0,94.3,114.8,4.0820724,1028.2,8.8,6.4,0.0,84.5,84.3,6.8034539999999994,1029.6,3.9,3.5,0.0,97.3,118.4,3.6933035999999997,1030.1,6.5,6.1,0.0,96.9,91.4,4.4708412,1027.6,5.8,4.5,0.0,91.1,77.5,5.442763199999999,1029.8,4.0,3.4,0.0,96.5,88.0,3.887688,1028.9,6.2,5.8,0.0,97.3,100.6,9.330451199999999,1030.2,8.7,7.3,0.0,91.2,122.2,3.887688,1028.8,5.9,4.7,0.0,92.5,62.5,5.2483788,1028.9,6.6,6.2,0.0,97.6,115.7,6.8034539999999994,1030.0,7.4,6.6,0.0,94.7,113.1,5.831531999999999,1030.1,4.6,4.5,0.0,99.5,81.4,3.4989192,1029.5,6.5,6.1,0.0,97.1,105.6,4.665225599999999,1030.2,7.1,6.5,0.0,95.5,108.8,3.1101504,1029.5,8.0,6.1,0.0,87.8,110.8,6.414685199999999,1029.5,5.8,5.5,0.0,97.9,115.7,4.0820724,1029.9,6.0,5.7,0.0,97.7,108.9,4.85961,1027.3,9.8,7.1,0.0,84.1,89.5,11.2742952
2020-11-06 07:00:00,1028.6,3.7,3.6,0.0,99.3,88.7,2.7213815999999995,1029.2,7.0,6.4,0.0,95.3,117.4,4.85961,1029.9,9.0,7.4,0.0,90.3,182.0,6.6090696,1027.5,7.5,5.9,0.0,88.9,72.8,4.85961,1029.7,7.4,7.0,0.0,97.3,101.6,3.6933035999999997,1028.8,5.6,5.4,0.0,98.9,108.0,4.2764568,1029.0,3.8,3.7,0.0,99.1,110.6,4.665225599999999,1029.5,7.2,6.2,0.0,93.5,112.5,4.2764568,1027.6,9.1,6.1,0.0,81.9,96.3,7.775376,1029.1,3.1,2.7,0.0,97.2,112.0,3.6933035999999997,1029.6,6.6,6.1,0.0,96.3,94.2,4.4708412,1026.9,6.0,4.5,0.0,89.6,81.0,5.2483788,1029.2,5.4,4.6,0.0,94.4,95.4,2.9157659999999996,1028.3,6.1,5.7,0.0,96.6,101.9,9.71922,1029.6,9.0,7.4,0.0,90.1,118.3,5.2483788,1028.2,6.2,4.9,0.0,91.9,70.5,5.442763199999999,1028.4,6.3,6.1,0.0,98.5,119.0,6.8034539999999994,1029.4,7.3,6.5,0.0,94.7,105.7,6.2203008,1029.6,4.7,4.6,0.0,99.5,79.9,3.6933035999999997,1029.0,6.6,6.2,0.0,97.0,109.6,5.0539944,1029.6,7.5,6.5,0.0,93.5,108.9,4.0820724,1029.1,7.9,5.8,0.0,86.3,115.3,7.386607199999999,1028.9,5.9,5.7,0.0,98.2,123.1,4.2764568,1029.4,5.9,5.5,0.0,97.0,109.6,5.6371476,1026.6,10.2,6.7,0.0,79.8,93.0,12.0518328
2020-11-06 08:00:00,1028.2,4.4,4.3,0.0,99.0,88.6,3.1101504,1028.8,6.9,6.4,0.0,96.4,124.7,5.0539944,1029.8,9.1,7.5,0.0,90.2,176.6,6.8034539999999994,1027.1,8.0,5.8,0.0,85.4,93.3,6.2203008,1029.3,7.5,7.0,0.0,96.1,104.3,4.0820724,1028.5,5.6,5.4,0.0,98.7,113.3,4.665225599999999,1028.7,3.9,3.8,0.0,99.3,112.4,5.442763199999999,1029.1,7.8,6.8,0.0,93.8,113.0,4.85961,1027.1,9.3,6.1,0.0,80.8,105.4,9.71922,1028.7,2.9,2.4,0.0,96.5,95.1,3.887688,1029.3,6.8,6.3,0.0,95.9,103.5,4.665225599999999,1026.3,6.2,4.6,0.0,89.3,77.8,5.0539944,1028.9,5.9,5.2,0.0,94.2,109.5,2.9157659999999996,1028.0,6.1,5.7,0.0,96.9,104.3,9.913604399999999,1029.3,9.2,7.6,0.0,90.3,124.2,6.0259164,1027.8,6.5,5.2,0.0,91.5,78.7,6.2203008,1028.2,6.3,6.1,0.0,98.5,121.4,6.8034539999999994,1029.0,7.5,6.6,0.0,94.4,102.4,6.414685199999999,1029.2,4.7,4.6,0.0,99.4,92.6,4.2764568,1028.7,6.1,5.8,0.0,98.3,116.3,5.2483788,1029.3,8.2,7.1,0.0,92.9,115.7,5.0539944,1028.7,7.6,5.5,0.0,85.4,116.3,7.1922228,1028.6,5.7,5.5,0.0,98.7,126.6,4.2764568,1029.1,5.5,5.2,0.0,97.2,113.6,5.2483788,1026.0,10.3,6.5,0.0,77.8,97.7,13.2181392
2020-11-06 09:00:00,1027.7,5.7,5.0,0.0,94.4,92.2,3.6933035999999997,1028.5,7.3,6.6,0.0,95.2,136.4,5.2483788,1029.4,9.3,7.5,0.0,89.3,162.4,6.2203008,1026.6,8.8,6.0,0.0,82.7,98.2,7.386607199999999,1028.9,8.1,7.2,0.0,94.0,113.5,4.4708412,1028.3,5.8,5.4,0.0,97.0,125.9,5.442763199999999,1028.4,4.3,4.2,0.0,98.9,108.1,4.2764568,1028.7,9.2,7.9,0.0,91.9,112.8,5.2483788,1026.6,9.5,6.0,0.0,79.2,101.5,10.1079888,1028.3,5.6,4.3,0.0,91.2,80.5,3.3045348,1028.8,8.3,7.3,0.0,93.5,113.9,4.85961,1025.8,7.2,5.1,0.0,85.8,83.6,5.6371476,1028.4,7.4,6.3,0.0,92.6,116.7,4.0820724,1027.7,6.4,5.7,0.0,94.8,103.2,10.1079888,1028.8,10.1,8.1,0.0,88.0,129.2,6.414685199999999,1027.3,7.6,6.1,0.0,90.4,83.9,6.6090696,1028.0,6.6,6.3,0.0,97.6,131.1,6.6090696,1028.5,8.1,6.9,0.0,92.3,110.1,6.2203008,1028.8,6.1,5.6,0.0,96.6,102.1,4.4708412,1028.6,6.2,5.5,0.0,94.6,126.0,5.831531999999999,1028.8,9.5,7.9,0.0,90.0,121.5,5.442763199999999,1028.2,8.2,5.9,0.0,84.6,111.4,7.1922228,1028.4,6.0,5.4,0.0,94.9,129.2,5.442763199999999,1028.8,6.0,5.5,0.0,96.3,111.1,4.4708412,1025.6,10.3,6.1,0.0,75.8,101.3,14.57883
2020-11-06 10:00:00,1027.0,7.1,5.3,0.0,87.6,97.6,4.0820724,1028.1,8.2,6.8,0.0,90.9,146.5,6.414685199999999,1028.8,9.6,7.7,0.0,88.7,143.9,5.831531999999999,1025.9,9.7,5.9,0.0,77.9,101.0,9.330451199999999,1028.3,9.1,7.7,0.0,91.4,117.9,3.6933035999999997,1028.0,6.3,5.1,0.0,91.2,127.9,5.831531999999999,1027.8,5.6,4.8,0.0,93.8,101.8,3.6933035999999997,1028.0,10.2,8.2,0.0,87.7,117.9,6.2203008,1025.9,10.0,5.9,0.0,76.3,100.3,11.4686796,1027.7,7.7,5.7,0.0,86.5,78.2,1.943844,1028.1,9.3,7.8,0.0,91.0,118.3,4.2764568,1025.1,8.6,5.8,0.0,82.1,88.6,5.831531999999999,1027.8,8.6,6.9,0.0,89.0,115.7,4.2764568,1027.2,6.9,5.7,0.0,91.9,98.8,9.913604399999999,1028.1,10.6,7.9,0.0,84.0,128.9,7.386607199999999,1026.6,8.7,7.1,0.0,89.6,84.6,6.414685199999999,1027.7,7.1,6.1,0.0,92.6,141.3,7.1922228,1028.1,9.0,7.1,0.0,88.7,123.0,5.831531999999999,1028.1,7.5,6.3,0.0,91.6,104.3,3.4989192,1028.1,6.9,5.5,0.0,90.5,128.9,4.665225599999999,1028.1,10.3,7.9,0.0,86.0,123.4,6.6090696,1027.6,8.8,5.4,0.0,79.2,111.8,8.3585292,1028.0,6.4,5.2,0.0,90.9,130.9,4.4708412,1028.2,7.1,6.1,0.0,93.1,107.2,3.4989192,1024.9,10.3,5.9,0.0,74.5,100.4,14.773214399999999
2020-11-06 11:00:00,1026.1,8.5,6.0,0.0,84.3,99.6,5.2483788,1027.5,8.6,6.9,0.0,89.0,147.6,5.442763199999999,1028.1,10.0,8.0,0.0,88.4,132.4,6.0259164,1025.2,10.1,5.8,0.0,75.2,102.9,9.71922,1027.6,9.7,8.1,0.0,90.2,129.9,4.0820724,1027.2,6.9,5.1,0.0,87.6,126.7,4.665225599999999,1027.0,7.3,5.6,0.0,88.4,91.3,3.6933035999999997,1027.4,10.7,7.3,0.0,79.9,116.3,6.9978384,1025.3,10.3,6.1,0.0,75.5,101.2,11.4686796,1026.9,9.1,6.6,0.0,84.5,117.6,3.6933035999999997,1027.5,10.1,7.6,0.0,85.6,123.5,6.8034539999999994,1024.3,9.6,5.9,0.0,78.4,106.1,7.386607199999999,1027.1,9.4,6.1,0.0,80.3,113.9,6.414685199999999,1026.4,7.4,5.9,0.0,89.5,88.0,9.913604399999999,1027.7,10.7,7.1,0.0,78.9,128.8,8.5529136,1025.8,9.7,6.3,0.0,79.2,106.5,8.747297999999999,1027.0,7.7,5.5,0.0,84.9,141.2,6.9978384,1027.5,9.7,7.3,0.0,85.8,136.0,5.0539944,1027.4,8.8,7.0,0.0,88.5,110.1,3.6933035999999997,1027.4,8.0,5.8,0.0,85.6,129.9,3.6933035999999997,1027.6,10.6,6.9,0.0,78.8,121.0,7.580991599999999,1027.1,9.1,5.4,0.0,77.4,112.4,8.3585292,1027.2,7.5,5.5,0.0,86.6,131.4,3.4989192,1027.4,8.2,6.6,0.0,89.5,105.7,3.3045348,1024.4,10.2,6.1,0.0,75.9,100.7,15.3563676
2020-11-06 12:00:00,1025.1,9.5,6.2,0.0,80.6,106.5,6.6090696,1026.6,9.0,7.0,0.0,87.3,146.4,5.0539944,1027.2,10.3,8.3,0.0,88.3,127.0,6.414685199999999,1024.5,10.1,5.9,0.0,75.5,104.1,9.71922,1026.7,10.1,8.1,0.0,88.1,133.7,4.665225599999999,1026.3,7.7,5.5,0.0,85.2,124.1,4.2764568,1025.9,8.7,6.3,0.0,84.7,95.1,4.85961,1026.6,10.7,6.9,0.0,77.1,113.8,6.2203008,1024.6,10.4,6.2,0.0,75.9,102.5,11.4686796,1025.9,10.0,6.0,0.0,77.0,120.0,5.442763199999999,1026.7,10.3,6.5,0.0,77.8,116.8,6.9978384,1023.6,10.1,5.5,0.0,73.2,115.4,8.3585292,1026.2,9.7,5.5,0.0,75.2,112.0,6.6090696,1025.3,8.1,6.1,0.0,87.0,83.5,9.71922,1026.9,10.5,6.9,0.0,78.6,127.6,7.775376,1025.1,10.0,6.1,0.0,77.0,111.5,8.747297999999999,1026.1,8.3,5.2,0.0,80.0,145.0,5.2483788,1026.6,10.2,7.4,0.0,83.5,137.6,3.887688,1026.5,9.6,7.1,0.0,84.8,117.6,5.2483788,1026.4,8.9,6.1,0.0,82.8,127.1,4.2764568,1026.8,10.5,6.6,0.0,77.6,118.7,7.1922228,1026.2,9.3,5.8,0.0,78.6,111.8,8.3585292,1026.2,8.5,6.0,0.0,84.1,122.6,3.4989192,1026.5,9.3,7.0,0.0,86.0,109.7,3.6933035999999997,1023.6,10.3,6.5,0.0,77.6,98.7,15.939520799999999
2020-11-06 13:00:00,1024.1,9.7,5.7,0.0,76.8,119.6,6.8034539999999994,1025.5,9.3,6.9,0.0,85.9,143.0,4.4708412,1026.2,10.8,8.6,0.0,86.5,139.2,7.775376,1023.5,10.1,6.1,0.0,76.7,103.9,9.5248356,1025.6,10.5,7.6,0.0,83.1,126.5,4.85961,1025.0,8.4,5.9,0.0,84.1,113.6,4.4708412,1024.6,9.5,6.0,0.0,79.1,101.2,6.414685199999999,1025.5,10.8,6.7,0.0,76.0,110.2,5.831531999999999,1023.5,10.4,6.3,0.0,76.0,102.2,11.2742952,1024.7,10.1,5.8,0.0,74.7,107.1,5.2483788,1025.6,10.3,6.1,0.0,75.8,109.5,6.6090696,1022.5,10.3,5.2,0.0,70.7,113.1,7.1922228,1025.1,9.7,5.0,0.0,72.3,112.8,6.414685199999999,1024.2,8.9,6.4,0.0,84.8,91.2,9.5248356,1025.8,10.5,6.7,0.0,77.9,124.8,7.386607199999999,1024.1,9.9,6.1,0.0,77.6,113.6,8.5529136,1025.0,8.8,5.0,0.0,76.4,139.5,4.2764568,1025.5,10.4,7.5,0.0,83.4,134.8,3.3045348,1025.3,10.3,6.5,0.0,78.1,116.3,5.6371476,1025.2,9.4,6.5,0.0,82.8,117.1,4.2764568,1025.7,10.5,6.5,0.0,76.8,115.8,6.8034539999999994,1025.0,9.4,6.0,0.0,79.4,103.5,7.775376,1024.9,9.3,6.4,0.0,82.7,113.3,4.665225599999999,1025.3,9.8,7.0,0.0,83.6,116.3,4.665225599999999,1022.5,10.4,6.4,0.0,77.0,97.4,16.1339052
2020-11-06 14:00:00,1023.2,9.9,5.5,0.0,74.5,118.8,6.2203008,1024.4,9.5,7.0,0.0,85.1,134.8,4.4708412,1025.2,11.2,8.8,0.1,85.1,139.7,7.969760399999999,1022.4,10.2,5.7,0.0,74.3,101.3,9.5248356,1024.4,10.7,6.7,0.0,77.1,120.9,5.6371476,1023.8,9.0,6.1,0.0,82.2,109.8,4.85961,1023.5,9.8,5.6,0.0,75.0,103.0,6.2203008,1024.6,10.6,6.6,0.0,76.5,111.1,6.2203008,1022.6,10.4,6.3,0.0,76.3,99.8,11.4686796,1023.6,10.3,5.5,0.0,72.2,109.4,5.442763199999999,1024.6,10.0,6.1,0.0,77.7,109.6,6.6090696,1021.7,10.3,5.2,0.0,70.8,115.2,6.9978384,1024.2,9.7,5.0,0.0,72.3,113.2,6.6090696,1023.2,9.4,6.4,0.0,82.2,94.9,9.330451199999999,1025.0,10.2,6.6,0.0,79.0,126.2,7.775376,1023.1,9.9,6.0,0.0,76.8,111.8,8.3585292,1023.9,9.2,5.1,0.0,74.9,120.0,3.3045348,1024.5,10.4,7.7,0.1,84.0,122.6,2.9157659999999996,1024.2,10.4,6.1,0.0,75.2,112.9,5.831531999999999,1024.0,9.8,6.2,0.0,78.6,112.9,5.442763199999999,1024.8,10.1,6.3,0.0,78.1,116.5,7.1922228,1024.3,9.4,5.9,0.0,79.2,102.2,8.3585292,1023.7,9.7,6.1,0.0,78.5,107.3,5.831531999999999,1024.2,10.2,6.3,0.0,77.7,120.2,5.442763199999999,1021.5,10.4,6.2,0.0,75.8,95.4,15.3563676
2020-11-06 15:00:00,1022.4,9.9,5.3,0.0,72.9,116.2,6.2203008,1023.5,9.7,6.9,0.0,83.9,132.6,5.442763199999999,1024.2,11.3,9.1,0.0,86.0,128.8,6.414685199999999,1021.6,9.9,5.8,0.0,76.0,99.4,10.3023732,1023.6,10.5,6.5,0.0,76.6,121.8,5.2483788,1022.9,9.2,5.8,0.0,79.1,109.9,5.2483788,1022.7,9.8,5.3,0.0,73.4,114.7,6.2203008,1023.8,10.1,6.4,0.0,77.9,113.5,6.2203008,1021.7,10.2,6.3,0.0,77.5,97.2,12.0518328,1022.9,10.2,5.4,0.0,72.7,120.2,5.0539944,1023.9,9.5,6.0,0.0,79.3,107.7,6.8034539999999994,1020.9,10.1,5.0,0.0,70.7,111.1,6.6090696,1023.5,9.2,5.1,0.0,75.2,118.7,6.6090696,1022.3,9.6,6.2,0.0,79.7,104.7,10.3023732,1024.1,9.9,6.5,0.0,80.5,127.6,7.775376,1022.3,9.7,5.6,0.0,75.6,107.9,7.969760399999999,1022.9,9.5,5.3,0.0,74.8,127.9,3.887688,1023.5,10.4,7.8,0.0,84.9,106.5,3.1101504,1023.3,10.1,6.2,0.0,77.5,105.1,5.2483788,1023.1,9.6,5.8,0.0,77.2,113.1,6.414685199999999,1024.0,9.7,6.4,0.0,80.3,116.6,6.9978384,1023.4,9.3,5.6,0.1,78.0,106.8,7.580991599999999,1022.9,9.6,5.7,0.0,76.9,109.5,5.831531999999999,1023.2,10.0,6.3,0.0,78.6,116.2,4.85961,1020.7,10.4,6.4,0.0,76.8,95.8,14.9675988
2020-11-06 16:00:00,1021.7,9.6,5.5,0.0,76.1,104.4,5.442763199999999,1022.6,9.6,7.2,0.0,85.7,127.2,3.887688,1023.3,11.3,9.3,0.0,87.0,123.4,5.442763199999999,1020.9,9.4,6.2,0.0,80.4,95.9,7.969760399999999,1022.8,9.7,6.5,0.0,80.9,118.1,4.2764568,1022.2,8.9,5.7,0.0,80.7,112.6,4.2764568,1022.1,8.9,5.6,0.0,79.5,114.6,4.0820724,1023.1,9.2,6.1,0.1,81.0,110.7,5.0539944,1021.0,9.9,6.4,0.0,79.6,96.4,10.691142,1022.2,9.1,5.6,0.0,79.0,130.4,3.6933035999999997,1023.0,8.6,6.2,0.0,84.6,103.3,6.0259164,1020.2,9.6,4.9,0.0,72.4,101.7,5.6371476,1022.7,8.3,5.1,0.2,79.4,120.3,4.665225599999999,1021.7,9.8,5.6,0.0,75.5,107.9,9.5248356,1023.3,9.5,6.2,0.2,80.4,125.4,7.775376,1021.5,9.3,5.8,0.0,79.1,99.8,7.1922228,1022.2,9.4,5.7,0.0,77.8,122.9,3.3045348,1022.8,10.3,8.0,0.0,86.3,94.3,3.6933035999999997,1022.6,9.1,6.3,0.0,82.7,100.3,4.665225599999999,1022.4,9.3,6.1,0.0,80.7,115.8,4.85961,1023.2,9.1,6.1,0.1,82.0,112.6,6.2203008,1022.6,9.1,5.1,0.2,75.9,103.7,6.6090696,1022.3,9.1,5.8,0.0,79.6,109.7,4.665225599999999,1022.4,9.5,6.6,0.0,82.5,108.2,3.4989192,1020.1,10.4,6.3,0.0,76.3,93.6,14.9675988
2020-11-06 17:00:00,1021.2,8.8,6.0,0.0,82.7,91.8,5.442763199999999,1022.0,8.7,7.1,0.0,89.7,123.8,2.9157659999999996,1022.8,11.3,9.4,0.1,88.0,124.0,6.2203008,1020.5,9.2,6.1,0.0,81.2,89.4,6.9978384,1022.4,8.7,6.4,0.0,85.2,116.8,5.2483788,1021.8,7.6,5.5,0.0,85.9,105.7,3.1101504,1021.6,7.6,5.3,0.0,84.8,117.9,4.665225599999999,1022.8,8.7,5.7,0.1,81.7,121.5,5.6371476,1020.5,9.8,6.3,0.0,79.5,96.0,9.71922,1021.8,7.9,5.4,0.0,83.5,146.0,2.7213815999999995,1022.8,8.3,5.9,0.3,84.5,113.1,6.8034539999999994,1019.6,8.6,4.7,0.0,76.2,93.3,4.4708412,1022.6,7.8,5.2,0.3,82.6,119.2,5.831531999999999,1021.3,9.7,5.9,0.0,77.5,114.2,8.747297999999999,1023.0,9.2,5.9,0.1,79.9,134.8,7.580991599999999,1021.2,8.4,6.0,0.0,85.0,92.9,6.414685199999999,1021.8,8.3,5.9,0.0,84.2,121.7,3.4989192,1022.1,10.0,8.2,0.0,89.7,92.3,4.2764568,1022.3,8.4,6.1,0.1,85.8,99.7,5.2483788,1021.9,7.7,5.9,0.0,87.7,115.4,3.6933035999999997,1022.9,8.8,5.7,0.1,80.9,125.4,6.2203008,1022.0,8.8,4.4,0.2,73.6,88.2,6.2203008,1021.8,7.6,5.5,0.0,85.7,99.4,4.2764568,1021.9,8.6,6.3,0.0,86.0,106.6,3.4989192,1019.4,10.4,6.3,0.0,76.2,91.9,14.3844456
2020-11-06 18:00:00,1020.9,8.4,6.0,0.0,84.4,97.7,5.442763199999999,1021.7,8.1,6.9,0.0,92.2,124.3,3.1101504,1022.3,11.2,9.6,0.1,89.5,124.4,6.8034539999999994,1020.0,9.2,6.1,0.0,81.3,86.8,6.9978384,1022.4,8.5,6.0,0.3,84.0,125.6,6.6090696,1021.4,6.9,5.4,0.0,89.3,107.1,2.9157659999999996,1021.4,6.7,5.1,0.0,88.3,118.5,4.4708412,1022.4,8.2,5.5,0.0,83.4,130.9,3.6933035999999997,1020.0,9.9,6.4,0.0,79.5,96.1,10.1079888,1021.7,8.0,5.4,0.2,82.9,132.0,3.6933035999999997,1022.5,7.9,5.7,0.2,85.1,127.7,4.85961,1019.3,8.1,4.6,0.0,78.2,77.7,4.2764568,1022.1,7.1,4.9,0.1,84.7,114.3,3.887688,1021.0,9.6,6.0,0.0,79.0,123.1,7.969760399999999,1022.5,8.9,5.8,0.0,80.7,148.6,5.442763199999999,1020.9,8.2,6.0,0.0,86.1,87.2,6.2203008,1021.4,8.5,6.0,0.0,84.3,103.1,2.3326127999999997,1021.7,9.6,8.1,0.2,91.0,106.4,4.2764568,1022.2,8.1,6.0,0.4,86.3,122.6,5.442763199999999,1021.6,7.5,5.9,0.0,89.3,115.0,3.4989192,1022.5,8.3,5.7,0.0,82.9,131.1,3.887688,1021.6,8.5,4.1,0.3,73.7,89.4,6.0259164,1021.4,7.4,5.6,0.0,87.5,104.0,4.665225599999999,1021.8,8.4,6.3,0.0,86.6,107.7,4.665225599999999,1018.9,10.4,6.9,0.0,79.5,92.8,13.606907999999999
2020-11-06 19:00:00,1020.5,8.1,5.8,0.0,85.1,101.9,5.831531999999999,1021.4,8.3,6.8,0.0,90.7,122.4,3.3045348,1021.9,11.1,9.5,0.1,89.6,138.7,7.580991599999999,1019.8,8.9,6.2,0.0,83.3,92.9,7.775376,1021.9,8.0,5.8,0.5,85.8,135.6,6.2203008,1021.1,7.0,5.4,0.0,89.4,93.9,2.5269972,1021.1,6.8,5.0,0.0,87.5,119.7,3.887688,1022.1,7.6,5.6,0.0,87.5,114.5,1.943844,1019.9,9.7,6.5,0.0,81.1,97.6,10.3023732,1021.5,7.7,4.3,0.8,78.6,133.6,6.9978384,1022.2,7.5,5.7,0.0,88.2,123.8,2.9157659999999996,1019.1,7.3,4.5,0.0,81.9,69.2,4.2764568,1021.7,6.3,4.6,0.0,88.7,75.4,2.5269972,1020.5,9.6,5.9,0.0,78.2,123.8,7.775376,1022.2,8.3,5.8,0.0,84.1,150.7,3.4989192,1020.5,8.0,5.9,0.0,87.0,86.0,6.0259164,1021.1,7.7,6.0,0.0,88.8,88.2,3.1101504,1021.5,9.5,7.9,0.1,90.4,111.6,4.0820724,1022.0,7.6,5.2,0.3,83.9,148.7,6.0259164,1021.2,7.6,6.0,0.0,89.2,110.9,3.4989192,1022.2,7.5,5.8,0.0,88.7,118.9,2.9157659999999996,1021.3,8.4,4.4,0.0,75.6,100.9,7.580991599999999,1021.1,7.5,5.6,0.0,87.4,116.4,4.2764568,1021.5,8.3,6.3,0.4,87.1,123.4,5.442763199999999,1018.7,10.6,7.0,0.0,79.1,99.7,13.9956768
2020-11-06 20:00:00,1020.4,7.5,5.8,0.0,88.1,94.8,5.6371476,1021.2,8.3,6.4,0.3,87.9,124.3,4.2764568,1021.6,10.8,8.9,0.2,88.5,153.3,8.1641448,1019.7,8.9,5.8,0.0,80.7,103.0,7.1922228,1021.9,7.7,5.9,0.4,87.9,142.9,6.414685199999999,1020.8,7.0,5.5,0.0,89.3,101.1,2.7213815999999995,1021.1,6.9,4.9,0.0,86.0,122.3,5.6371476,1021.9,7.0,5.3,0.0,89.2,118.6,2.9157659999999996,1019.8,9.8,6.0,0.0,77.8,109.3,10.1079888,1021.3,6.9,3.8,0.3,80.5,121.5,5.442763199999999,1021.8,6.9,5.7,0.0,91.4,90.5,2.7213815999999995,1019.2,6.6,4.4,0.0,85.5,74.5,3.6933035999999997,1021.5,6.6,4.7,0.0,87.0,89.9,3.6933035999999997,1020.4,9.5,5.9,0.0,78.4,129.5,7.580991599999999,1022.0,7.8,5.7,0.0,85.5,142.5,4.0820724,1020.4,7.5,5.4,0.0,87.0,89.6,6.2203008,1020.7,7.6,6.3,0.0,91.1,82.7,3.1101504,1021.2,9.2,7.6,0.2,90.3,118.1,4.4708412,1021.8,6.9,4.9,0.1,86.4,149.7,2.3326127999999997,1021.0,7.6,6.0,0.1,89.2,124.8,4.2764568,1022.0,6.8,5.4,0.0,89.8,124.6,3.1101504,1021.2,8.3,4.8,0.0,78.0,107.6,6.8034539999999994,1021.0,7.3,5.6,0.0,88.8,126.7,4.4708412,1021.5,7.9,5.1,0.5,81.2,142.8,7.580991599999999,1018.8,10.7,7.2,0.0,79.4,102.3,14.3844456
2020-11-06 21:00:00,1020.5,7.4,5.3,0.0,85.8,100.6,5.2483788,1021.2,8.0,6.1,0.2,87.4,141.3,4.85961,1021.4,10.4,8.2,0.3,86.8,169.0,7.386607199999999,1019.6,9.2,5.9,0.0,79.7,106.7,6.414685199999999,1021.8,7.3,5.6,0.2,88.4,146.2,3.4989192,1020.8,7.0,5.5,0.0,89.7,115.7,2.9157659999999996,1021.0,6.8,4.2,0.0,82.8,118.5,5.2483788,1021.6,6.1,4.9,0.0,92.4,123.1,3.1101504,1019.6,10.1,5.9,0.0,76.0,106.9,8.747297999999999,1021.1,6.4,4.1,0.0,85.4,99.1,4.2764568,1021.8,6.2,5.2,0.0,92.8,107.4,2.7213815999999995,1019.2,6.5,4.6,0.0,86.8,69.5,4.4708412,1021.3,6.6,4.9,0.0,88.2,87.0,3.3045348,1020.3,9.4,6.3,0.0,81.5,117.0,7.580991599999999,1021.6,7.9,5.5,0.0,84.7,143.9,4.85961,1020.4,7.5,4.9,0.0,83.8,93.2,6.6090696,1020.7,7.8,6.4,0.0,90.5,90.6,3.6933035999999997,1021.2,9.0,7.1,0.1,88.1,129.6,4.4708412,1021.7,6.4,5.0,0.0,89.8,105.4,1.943844,1021.1,7.6,5.8,0.2,87.9,132.0,4.85961,1021.7,6.6,4.9,0.0,87.8,128.2,4.2764568,1020.9,8.5,5.4,0.0,79.9,116.1,6.0259164,1020.9,7.2,5.5,0.0,88.6,130.3,4.85961,1021.6,6.8,4.1,0.2,82.6,136.6,4.2764568,1018.6,10.8,7.5,0.0,80.3,91.8,13.023754799999999
2020-11-06 22:00:00,1020.6,7.2,4.7,0.0,83.4,91.2,4.665225599999999,1021.3,7.7,6.0,0.1,88.7,149.9,6.2203008,1021.5,10.1,7.3,0.4,83.8,183.2,8.1641448,1019.2,8.9,5.7,0.0,80.1,80.9,5.0539944,1021.8,6.8,5.7,0.1,92.4,131.8,1.3606907999999998,1021.0,6.9,5.5,0.0,90.6,123.1,3.1101504,1021.2,6.4,3.4,0.0,81.1,117.8,4.2764568,1021.6,5.5,4.4,0.0,93.4,132.8,3.6933035999999997,1019.2,10.0,6.0,0.0,76.9,91.0,7.1922228,1021.2,6.2,4.2,0.2,86.7,86.1,3.4989192,1021.6,5.6,4.8,0.0,94.1,97.2,2.7213815999999995,1018.8,6.9,4.9,0.0,86.5,70.3,4.665225599999999,1021.2,6.4,4.9,0.0,89.6,96.0,2.3326127999999997,1020.5,9.2,6.7,0.0,84.9,117.3,8.9416824,1021.6,7.8,5.4,0.0,84.5,152.6,4.2764568,1020.1,7.7,5.0,0.0,83.4,81.3,6.0259164,1020.7,8.0,6.4,0.0,89.3,105.5,3.4989192,1021.2,8.8,6.7,0.1,87.4,145.1,4.665225599999999,1021.6,6.5,5.2,0.0,90.6,94.1,2.3326127999999997,1021.2,7.4,5.4,0.1,86.1,139.0,5.6371476,1021.6,6.9,4.9,0.0,86.4,137.0,3.887688,1020.7,8.5,5.9,0.0,83.3,98.9,5.442763199999999,1021.1,7.1,5.3,0.0,87.5,137.9,5.2483788,1021.6,6.4,4.6,0.0,87.8,125.1,2.5269972,1018.0,10.4,7.5,0.0,82.5,73.2,11.2742952
2020-11-06 23:00:00,1020.3,6.9,4.4,0.0,83.5,79.2,4.665225599999999,1021.4,7.2,4.8,0.0,83.8,142.9,5.442763199999999,1021.6,9.7,4.9,0.7,71.7,203.1,8.9416824,1018.6,8.3,5.7,0.0,83.0,62.8,5.0539944,1021.7,6.7,5.6,0.0,92.2,79.8,1.1663063999999999,1021.0,7.0,5.4,0.0,88.6,128.4,4.2764568,1021.2,5.9,3.1,0.0,82.5,106.2,3.887688,1021.3,5.6,4.4,0.0,92.5,124.8,3.3045348,1018.6,9.7,6.6,0.0,82.1,78.4,7.386607199999999,1021.0,5.9,4.5,0.0,90.4,89.5,2.5269972,1021.4,5.4,4.4,0.0,93.4,87.4,2.5269972,1018.4,6.5,4.7,0.0,87.8,51.8,5.0539944,1020.8,6.3,4.9,0.0,89.9,57.1,2.1382284,1020.5,8.9,6.7,0.0,86.2,122.4,10.4967576,1021.4,6.7,5.0,0.0,87.4,155.3,3.3045348,1019.6,6.6,4.9,0.0,89.4,61.4,5.442763199999999,1020.6,8.2,6.4,0.0,87.9,127.5,4.85961,1021.4,8.4,5.8,0.1,83.3,163.0,6.2203008,1021.4,6.1,5.2,0.0,93.0,51.6,1.7494596,1021.3,7.0,4.8,0.0,85.1,144.2,4.665225599999999,1021.4,6.6,4.7,0.0,86.8,121.9,3.1101504,1020.2,8.6,6.2,0.0,84.8,98.3,6.0259164,1021.2,6.9,4.5,0.0,84.3,141.0,5.0539944,1021.4,5.9,4.5,0.0,90.0,100.0,2.3326127999999997,1017.9,9.8,7.3,0.0,85.0,69.2,10.4967576
2020-11-07 00:00:00,1019.8,6.1,4.5,0.0,89.1,62.9,4.665225599999999,1021.1,6.6,4.1,0.0,83.4,129.8,3.6933035999999997,1021.4,9.2,4.4,0.5,71.8,202.3,6.9978384,1018.6,7.5,5.8,0.0,88.2,62.1,4.85961,1021.3,6.2,5.4,0.0,93.7,54.4,1.1663063999999999,1020.8,6.6,5.0,0.0,88.1,141.8,4.4708412,1020.7,4.7,2.8,0.0,88.4,88.2,4.2764568,1020.8,5.7,4.5,0.0,92.5,136.3,1.943844,1018.6,9.1,7.1,0.0,87.6,81.3,6.9978384,1020.6,4.9,3.9,0.0,93.6,43.4,2.3326127999999997,1020.9,4.5,3.7,0.0,95.2,78.3,3.3045348,1018.4,5.9,4.3,0.0,89.3,57.5,5.2483788,1020.3,5.7,4.6,0.0,92.4,44.0,2.5269972,1020.1,8.6,6.6,0.0,86.8,110.5,9.5248356,1020.8,7.4,5.2,0.0,84.9,197.7,2.1382284,1019.3,5.8,4.5,0.0,91.9,56.9,5.442763199999999,1020.3,8.4,6.3,0.0,86.8,146.8,5.831531999999999,1021.1,7.9,4.3,0.0,77.5,158.9,5.442763199999999,1021.0,5.9,5.1,0.0,94.5,34.9,2.5269972,1021.0,6.5,4.2,0.0,84.9,147.2,4.0820724,1020.9,6.7,4.9,0.0,86.9,85.3,0.5831531999999999,1019.7,8.4,6.3,0.0,86.6,91.0,5.831531999999999,1020.9,6.1,3.6,0.0,84.2,135.3,4.4708412,1021.1,5.9,4.5,0.0,90.5,89.0,2.5269972,1017.7,9.8,7.6,0.0,87.2,68.3,10.885526399999998
2020-11-07 01:00:00,1019.7,5.4,4.7,0.0,94.7,63.2,4.2764568,1021.0,5.9,4.0,0.0,87.5,131.2,3.1101504,1021.1,8.9,4.6,0.2,74.1,208.6,7.1922228,1018.4,7.2,5.9,0.0,90.8,50.8,5.2483788,1021.1,5.7,5.0,0.0,95.0,40.0,1.943844,1020.6,5.6,4.5,0.0,92.8,128.7,3.3045348,1020.3,4.4,2.8,0.0,90.2,70.5,4.4708412,1020.6,4.7,3.8,0.0,94.1,159.3,1.1663063999999999,1018.4,8.9,7.2,0.0,89.3,71.9,6.9978384,1020.2,4.5,3.8,0.0,95.5,43.6,3.3045348,1020.7,3.8,3.1,0.0,95.3,63.0,2.7213815999999995,1018.0,5.8,4.3,0.0,89.7,53.3,6.0259164,1020.3,4.8,4.0,0.0,95.0,51.8,2.7213815999999995,1019.8,8.2,6.2,0.0,86.8,98.9,8.9416824,1020.6,6.5,5.0,0.0,89.2,262.2,1.1663063999999999,1019.3,5.3,4.2,0.0,92.8,58.0,5.831531999999999,1020.2,8.3,6.3,0.0,86.9,147.7,6.0259164,1020.9,7.5,4.0,0.0,78.3,157.8,4.2764568,1020.7,5.6,5.0,0.0,95.5,31.5,2.9157659999999996,1020.8,5.3,3.9,0.0,91.0,129.9,2.5269972,1020.7,5.7,4.7,0.0,92.8,273.4,0.3887688,1019.8,8.0,6.3,0.0,89.0,89.7,5.2483788,1020.7,5.2,3.2,0.0,88.1,118.5,3.887688,1020.8,5.8,4.7,0.0,92.1,65.5,1.7494596,1017.5,10.2,8.0,0.0,87.6,76.2,10.3023732
2020-11-07 02:00:00,1019.6,4.9,4.7,0.0,98.8,65.5,4.2764568,1020.7,4.9,3.8,0.0,93.4,119.0,2.7213815999999995,1020.7,8.7,4.5,0.1,74.3,200.8,5.6371476,1018.3,7.1,6.0,0.0,92.1,42.9,5.442763199999999,1020.7,5.8,4.7,0.0,92.4,32.9,2.5269972,1020.1,5.0,4.0,0.0,94.2,100.8,2.7213815999999995,1020.1,4.1,2.8,0.0,92.0,74.3,4.665225599999999,1020.7,3.4,2.5,0.0,94.9,160.5,2.3326127999999997,1018.2,8.7,7.1,0.0,90.2,62.3,6.414685199999999,1020.3,4.4,3.7,0.0,95.9,63.9,3.4989192,1020.6,3.9,3.1,0.0,94.9,63.0,3.3045348,1017.7,5.7,4.2,0.0,90.2,57.2,6.2203008,1020.3,3.7,3.0,0.0,95.3,53.0,3.4989192,1019.6,7.8,5.6,0.0,85.3,89.0,8.747297999999999,1020.6,4.8,4.0,0.0,95.0,291.2,1.943844,1019.0,5.3,4.3,0.0,94.0,57.5,5.831531999999999,1019.8,7.9,6.1,0.0,88.4,139.6,5.6371476,1020.7,7.2,4.2,0.0,80.7,148.4,4.0820724,1020.5,5.3,4.8,0.0,96.4,38.4,3.6933035999999997,1020.4,5.3,3.9,0.0,91.4,95.2,2.9157659999999996,1020.7,4.4,4.1,0.0,98.4,291.9,1.5550752,1019.6,8.2,6.6,0.0,89.7,93.7,5.6371476,1020.2,4.9,3.1,0.0,89.0,99.5,3.887688,1020.5,5.9,4.8,0.0,92.0,37.7,2.1382284,1017.0,10.2,8.6,0.0,90.5,75.1,10.691142
2020-11-07 03:00:00,1019.2,4.6,4.4,0.0,99.0,69.6,4.4708412,1020.4,4.8,3.9,0.0,94.4,122.0,2.7213815999999995,1020.3,8.6,4.7,0.0,76.0,188.0,5.831531999999999,1017.8,7.2,6.3,0.0,93.6,39.7,6.0259164,1020.5,5.9,4.5,0.0,90.9,70.3,2.5269972,1020.1,4.5,3.4,0.0,93.4,100.3,3.1101504,1019.9,3.5,2.5,0.0,93.6,79.7,5.442763199999999,1020.3,3.4,2.3,0.0,93.8,153.6,2.5269972,1017.8,8.9,7.4,0.0,90.9,59.3,6.9978384,1019.9,3.8,3.2,0.0,95.9,72.3,3.6933035999999997,1020.4,3.5,2.8,0.0,95.4,76.6,3.4989192,1017.5,5.7,4.3,0.0,90.6,54.5,6.0259164,1019.9,3.4,2.8,0.0,95.8,55.5,3.6933035999999997,1019.2,7.4,5.0,0.0,83.9,82.3,9.5248356,1020.4,4.4,3.6,0.0,94.9,296.7,2.3326127999999997,1018.8,5.6,4.7,0.0,94.8,54.9,6.2203008,1019.6,7.5,6.0,0.0,90.2,138.8,5.0539944,1020.3,6.8,4.3,0.0,83.6,137.8,2.9157659999999996,1020.3,4.7,4.3,0.0,97.3,62.8,3.4989192,1020.2,4.4,3.5,0.0,94.5,101.9,2.7213815999999995,1020.4,4.0,3.7,0.0,97.9,255.1,1.3606907999999998,1019.3,8.6,7.1,0.0,90.5,85.9,5.442763199999999,1020.1,4.2,2.9,0.0,91.7,96.2,3.887688,1020.3,4.9,4.1,0.0,95.4,55.3,2.9157659999999996,1016.7,10.1,8.7,0.0,91.5,69.9,10.885526399999998
2020-11-07 04:00:00,1019.1,4.5,4.3,0.0,99.0,82.1,4.2764568,1020.0,5.2,3.9,0.0,91.8,108.7,3.1101504,1020.0,8.4,4.7,0.0,77.1,187.9,5.831531999999999,1017.3,7.4,6.6,0.0,95.0,36.4,6.6090696,1020.4,5.4,4.1,0.0,91.8,79.6,2.5269972,1019.7,3.4,2.4,0.0,93.5,79.7,3.6933035999999997,1019.6,3.4,2.5,0.0,94.3,83.4,5.442763199999999,1020.1,3.1,2.4,0.0,95.7,154.1,2.5269972,1017.2,8.8,7.5,0.0,92.0,46.0,7.969760399999999,1019.7,3.3,2.7,0.0,95.6,78.5,3.4989192,1020.1,3.4,2.9,0.0,96.8,55.1,3.3045348,1017.1,5.8,4.5,0.0,90.9,54.7,6.414685199999999,1019.8,3.4,2.8,0.0,95.6,54.3,3.4989192,1019.0,6.9,4.7,0.0,84.7,80.5,9.913604399999999,1020.1,3.6,2.9,0.0,95.3,294.2,2.5269972,1018.3,6.0,5.2,0.0,95.1,48.3,6.414685199999999,1019.3,6.7,5.5,0.0,91.9,119.3,4.85961,1020.1,6.9,4.4,0.0,83.6,156.5,3.3045348,1020.0,4.3,3.8,0.0,97.2,62.8,3.4989192,1020.0,3.6,2.8,0.0,95.2,96.6,3.3045348,1020.1,3.0,2.8,0.0,98.2,248.5,1.1663063999999999,1018.8,8.6,7.3,0.0,91.3,61.5,5.442763199999999,1019.7,3.6,2.5,0.0,93.2,85.7,5.0539944,1020.1,3.6,3.0,0.0,96.5,59.6,4.0820724,1016.2,9.7,8.2,0.0,91.1,54.9,10.885526399999998
2020-11-07 05:00:00,1019.0,4.8,4.6,0.0,98.9,64.5,4.2764568,1020.2,4.7,3.7,0.0,93.7,121.9,2.9157659999999996,1020.0,8.3,4.7,0.0,77.2,177.1,4.665225599999999,1017.2,7.3,6.7,0.0,95.5,41.4,7.1922228,1020.2,4.8,3.5,0.0,92.3,71.8,3.6933035999999997,1019.8,2.9,2.0,0.0,93.4,90.5,3.4989192,1019.8,3.1,2.4,0.0,95.0,87.8,5.6371476,1020.0,3.2,2.6,0.0,96.5,146.7,1.943844,1017.2,8.3,7.2,0.0,93.0,40.0,8.9416824,1019.7,2.8,2.1,0.0,95.3,75.5,3.1101504,1020.2,3.3,3.0,0.0,98.0,60.0,2.7213815999999995,1016.8,5.7,4.5,0.0,91.5,52.0,6.8034539999999994,1019.4,4.1,3.3,0.0,95.3,28.4,2.9157659999999996,1019.2,6.6,4.5,0.0,86.1,81.8,10.3023732,1020.1,3.6,2.7,0.0,94.1,291.9,1.943844,1018.1,5.8,5.2,0.0,96.3,45.5,6.8034539999999994,1019.4,5.9,4.8,0.0,92.4,120.1,5.442763199999999,1020.1,6.7,4.5,0.0,85.1,135.1,3.4989192,1020.2,3.8,3.4,0.0,97.6,74.9,3.3045348,1020.0,2.8,2.1,0.0,94.9,94.0,3.4989192,1020.1,2.3,2.0,0.0,98.0,273.9,0.971922,1018.6,8.8,7.5,0.0,91.9,54.4,6.8034539999999994,1019.9,3.2,2.1,0.0,92.7,93.6,4.85961,1020.0,3.4,2.9,0.0,96.7,74.8,3.6933035999999997,1016.1,9.3,7.6,0.0,89.8,50.0,12.0518328
2020-11-07 06:00:00,1018.7,4.8,4.6,0.2,99.0,56.5,4.4708412,1020.2,3.3,2.6,0.1,95.2,108.9,2.9157659999999996,1020.4,8.3,4.8,0.0,77.8,176.5,6.0259164,1017.3,7.6,7.0,0.0,95.3,50.0,7.386607199999999,1020.4,4.2,2.9,0.1,92.1,91.7,2.9157659999999996,1020.1,2.6,1.7,0.0,93.8,87.4,3.4989192,1019.7,2.8,2.3,0.0,96.1,81.6,5.442763199999999,1019.9,3.0,2.5,0.2,97.5,134.8,1.5550752,1017.2,8.6,7.6,0.0,93.8,44.7,9.5248356,1019.5,2.8,2.1,0.2,95.0,50.9,3.3045348,1020.0,3.4,3.2,0.1,98.7,47.9,2.9157659999999996,1016.7,5.6,4.5,0.0,92.2,56.3,6.8034539999999994,1019.4,2.4,1.9,0.1,96.4,34.8,3.887688,1019.3,6.4,4.5,0.0,87.4,77.4,10.691142,1019.9,3.5,2.4,0.3,92.9,291.1,2.7213815999999995,1018.2,5.9,5.3,0.0,96.8,50.0,6.9978384,1019.8,5.5,4.2,0.0,91.8,122.5,5.2483788,1020.3,6.3,4.5,0.1,87.6,134.9,3.3045348,1020.1,3.2,3.0,0.0,98.3,64.6,3.1101504,1020.3,2.1,1.4,0.0,94.5,106.9,3.4989192,1019.9,2.2,1.9,0.2,97.3,271.5,1.3606907999999998,1018.5,8.8,7.4,0.0,91.4,47.4,7.775376,1020.1,2.7,1.7,0.0,93.0,88.8,4.665225599999999,1020.2,3.1,2.5,0.0,96.4,83.8,3.887688,1016.1,9.3,7.8,0.0,90.5,52.1,12.634986
2020-11-07 12:00:00,1017.7,9.6,8.0,0.2,90.6,46.1,5.0539944,1020.1,8.4,5.4,0.0,81.2,55.9,1.1663063999999999,1020.5,8.6,5.0,0.0,77.2,202.2,2.1382284,1016.1,12.7,11.3,4.3,90.8,65.6,9.1360668,1019.9,8.9,6.5,0.0,85.3,44.9,3.4989192,1019.9,6.0,5.4,0.0,95.5,59.0,4.0820724,1018.8,8.9,7.2,0.0,89.4,60.6,6.2203008,1018.9,11.6,10.1,0.3,90.2,80.4,7.386607199999999,1016.1,12.6,11.4,4.0,92.5,64.3,10.885526399999998,1018.5,9.3,8.1,0.2,93.0,39.7,4.85961,1019.1,10.6,8.9,0.1,89.2,76.9,6.2203008,1015.8,11.0,9.2,1.3,88.1,56.4,7.775376,1018.0,11.1,9.9,1.4,91.6,58.8,5.2483788,1018.6,9.0,6.6,0.0,85.0,54.1,9.5248356,1019.0,11.8,9.5,0.2,84.8,75.4,6.8034539999999994,1016.8,12.5,10.8,3.6,88.9,60.6,7.580991599999999,1019.9,8.2,4.6,0.0,77.1,49.6,5.0539944,1020.4,7.2,5.2,0.0,86.3,83.9,3.6933035999999997,1019.1,9.8,8.5,0.0,92.5,59.6,5.2483788,1019.9,7.0,5.8,0.0,91.3,46.7,3.3045348,1019.0,11.6,9.4,0.2,86.0,78.4,6.8034539999999994,1017.5,12.3,10.9,0.6,90.5,62.1,9.5248356,1019.7,7.2,6.0,0.0,91.6,40.5,4.2764568,1019.5,9.3,7.3,0.0,87.9,48.0,4.2764568,1015.1,12.7,10.7,2.2,87.5,63.5,13.023754799999999
2020-11-07 18:00:00,1015.8,10.4,9.4,7.6,94.1,44.6,5.6371476,1019.0,6.1,5.2,0.1,93.7,50.9,4.2764568,1020.0,9.3,4.9,0.0,73.7,74.1,4.665225599999999,1014.1,11.2,10.7,8.9,96.3,62.0,8.9416824,1018.9,7.7,6.7,0.1,94.0,50.6,6.0259164,1018.4,6.5,5.2,0.1,90.5,40.9,6.8034539999999994,1017.2,9.5,8.3,2.5,93.1,53.6,7.580991599999999,1017.8,10.7,10.1,2.0,95.9,63.0,7.969760399999999,1014.1,11.6,10.9,8.9,95.3,63.4,12.246217199999998,1016.8,10.4,9.3,2.6,92.9,52.6,7.580991599999999,1018.1,9.8,8.5,1.5,92.0,56.7,7.775376,1013.2,10.9,9.8,6.0,92.3,51.6,9.913604399999999,1016.6,10.5,9.5,2.3,93.9,42.7,4.665225599999999,1017.0,9.6,7.7,0.8,89.1,58.4,11.663063999999999,1018.0,11.0,9.4,1.2,89.8,53.5,8.3585292,1014.9,11.4,10.6,4.0,94.9,59.5,7.775376,1018.7,7.5,5.2,0.0,84.8,52.1,8.1641448,1019.3,7.0,5.4,0.1,88.8,73.7,6.414685199999999,1017.9,9.5,8.0,1.3,91.1,61.6,7.775376,1018.5,8.2,6.6,1.4,89.3,53.8,6.2203008,1018.0,10.6,9.2,1.3,91.5,55.7,7.580991599999999,1015.9,11.7,10.7,4.8,93.6,55.5,10.691142,1018.1,8.7,7.1,1.8,89.7,51.0,6.8034539999999994,1018.2,8.8,7.6,1.0,92.4,45.0,6.6090696,1012.8,12.0,10.9,6.1,92.7,66.4,15.3563676
2020-11-08 00:00:00,1013.8,10.4,9.5,2.8,94.4,53.0,5.831531999999999,1017.4,6.6,5.4,5.6,91.3,61.6,3.887688,1018.8,10.0,6.5,0.5,79.6,78.7,9.330451199999999,1012.6,11.9,11.6,0.4,98.1,85.7,6.0259164,1017.0,7.8,6.7,2.3,92.8,52.7,6.9978384,1016.8,7.2,5.6,6.1,89.0,54.8,7.1922228,1015.2,8.8,8.1,4.0,95.8,60.6,8.5529136,1015.8,11.2,10.9,3.6,97.7,71.5,7.1922228,1012.7,12.2,11.8,0.4,97.1,96.2,6.6090696,1014.9,9.9,9.2,3.1,96.0,57.8,6.9978384,1016.2,10.0,9.4,3.0,96.6,64.5,7.580991599999999,1011.4,11.4,10.4,0.8,92.8,89.0,7.580991599999999,1015.0,10.8,10.1,2.6,95.2,77.9,5.6371476,1014.8,9.7,8.0,7.4,89.7,63.7,14.57883,1016.0,11.6,10.6,1.9,93.5,73.8,8.1641448,1013.3,11.8,10.9,1.7,94.4,77.9,7.775376,1017.1,8.4,6.6,3.0,88.5,50.5,8.5529136,1017.8,6.7,5.4,4.9,90.4,75.5,7.386607199999999,1016.0,9.1,8.5,3.2,96.0,70.0,8.5529136,1016.8,7.5,6.3,6.7,91.8,61.6,7.1922228,1016.0,11.0,10.4,2.0,95.1,69.4,7.386607199999999,1014.4,12.5,11.8,2.3,95.3,105.4,8.1641448,1016.3,7.8,6.8,8.3,93.2,58.3,7.969760399999999,1016.4,8.1,7.2,3.6,94.5,51.1,6.9978384,1011.8,12.1,11.5,0.1,95.9,87.1,11.0799108
2020-11-08 06:00:00,1011.7,11.2,10.7,0.1,96.6,112.3,3.6933035999999997,1013.9,7.5,6.3,5.2,92.1,60.4,5.2483788,1016.2,9.8,7.6,5.4,86.9,71.7,13.606907999999999,1011.6,11.8,11.6,2.3,98.9,130.0,5.6371476,1013.7,8.7,8.3,3.8,97.2,66.7,6.6090696,1013.3,7.7,6.8,2.0,93.7,53.1,7.386607199999999,1012.3,9.5,9.1,0.6,97.7,75.0,6.2203008,1013.2,11.9,11.2,4.2,95.0,115.7,4.85961,1011.7,12.1,11.7,1.8,97.4,131.4,7.1922228,1012.2,10.9,10.3,0.4,95.8,108.9,3.887688,1013.3,11.1,10.8,4.3,97.9,101.4,6.0259164,1010.3,11.5,11.1,0.4,97.5,109.1,4.665225599999999,1012.9,11.2,10.9,0.3,98.2,123.7,3.887688,1011.9,9.7,8.4,0.3,92.6,72.9,13.4125236,1013.5,12.0,11.3,3.8,95.5,116.6,6.8034539999999994,1011.9,11.9,11.9,1.0,99.7,122.4,4.85961,1013.6,9.1,7.6,4.7,90.8,53.6,11.0799108,1014.4,8.1,6.5,5.1,90.0,72.8,8.5529136,1013.0,10.5,10.3,3.4,97.8,88.6,6.414685199999999,1013.3,8.0,7.2,3.1,95.2,61.5,6.9978384,1013.4,11.7,11.2,4.3,96.5,106.9,6.0259164,1013.1,12.0,11.6,0.0,97.4,170.1,4.665225599999999,1012.9,8.2,7.6,1.7,95.9,60.5,6.9978384,1013.0,9.0,8.6,3.9,97.3,60.9,6.414685199999999,1010.5,12.1,11.6,3.6,96.4,102.1,10.1079888
2020-11-08 12:00:00,1011.1,12.8,11.4,1.9,91.1,98.6,5.6371476,1012.3,10.5,9.7,0.2,95.0,141.2,5.442763199999999,1013.8,11.1,9.7,2.8,90.7,104.0,14.3844456,1010.2,12.1,11.3,9.2,94.6,108.3,10.885526399999998,1013.0,12.2,11.3,0.6,93.6,155.9,7.1922228,1011.9,9.9,9.3,0.1,96.8,109.3,4.665225599999999,1011.8,12.9,11.6,1.5,91.7,134.3,5.831531999999999,1013.4,14.8,12.2,1.7,83.9,160.0,3.887688,1010.5,12.4,11.4,8.0,93.5,111.0,13.2181392,1012.2,13.8,11.5,1.4,86.1,146.4,7.969760399999999,1013.4,13.5,11.5,1.1,87.8,169.0,6.0259164,1008.6,13.0,11.7,6.9,92.0,94.0,7.386607199999999,1013.2,13.5,11.7,2.4,89.0,143.6,6.9978384,1011.0,11.8,10.9,0.8,93.5,110.7,10.3023732,1013.6,14.1,12.1,2.9,88.1,149.6,6.6090696,1011.2,12.7,11.6,5.8,92.5,125.9,11.2742952,1011.8,9.7,8.7,0.1,93.8,79.6,5.2483788,1012.5,10.3,9.3,0.1,94.1,101.3,6.0259164,1013.0,12.6,11.4,0.9,92.0,164.1,7.386607199999999,1012.1,11.2,10.5,0.3,95.4,141.8,4.665225599999999,1013.5,14.3,12.0,2.3,86.2,149.6,3.887688,1013.5,13.3,12.1,6.3,92.3,138.2,8.9416824,1011.9,11.7,11.0,1.3,94.9,137.1,5.0539944,1012.5,12.7,11.4,2.4,91.2,157.9,7.386607199999999,1008.2,12.2,10.7,5.5,90.3,79.6,15.745136399999998
2020-11-08 18:00:00,1007.7,12.1,11.1,3.2,93.0,116.4,7.580991599999999,1010.1,10.9,9.8,2.5,92.3,117.7,7.580991599999999,1012.0,11.7,10.7,1.0,93.2,126.7,9.71922,1008.2,12.5,11.6,3.8,94.4,160.6,12.634986,1011.2,11.6,10.5,1.4,92.1,115.6,8.9416824,1008.8,10.9,10.2,4.4,94.7,85.9,7.386607199999999,1008.6,11.9,10.7,2.7,91.9,107.1,9.5248356,1011.5,12.6,11.0,0.2,89.5,134.1,10.885526399999998,1008.6,12.8,11.5,2.9,91.7,161.7,15.550752,1009.2,12.2,10.7,2.7,90.5,128.5,9.330451199999999,1011.8,11.5,10.5,1.0,92.7,114.6,8.747297999999999,1005.0,12.0,11.2,0.9,94.8,141.5,10.691142,1010.9,11.9,11.1,0.6,95.0,150.8,9.71922,1007.4,12.3,10.5,4.3,87.7,84.9,13.8012924,1012.2,12.5,11.1,0.4,90.4,138.5,13.2181392,1008.8,12.6,12.2,4.3,96.9,146.5,11.0799108,1009.0,10.8,9.9,1.0,93.6,65.5,6.9978384,1010.5,11.2,10.2,3.4,92.8,98.6,7.386607199999999,1010.7,11.5,10.2,0.7,91.0,120.0,8.9416824,1009.4,11.3,10.2,3.5,92.8,98.3,8.1641448,1012.0,12.3,10.8,0.5,90.6,129.8,11.0799108,1011.8,12.9,11.9,0.8,93.4,161.9,13.8012924,1008.8,11.5,10.3,3.9,92.0,93.4,8.747297999999999,1010.0,11.7,10.4,2.5,91.1,114.3,9.5248356,1006.3,12.9,11.5,0.9,91.4,167.1,18.8552868
2020-11-09 00:00:00,1007.6,12.9,11.4,1.6,90.8,149.4,10.3023732,1008.6,11.7,10.7,3.0,93.1,131.0,11.2742952,1010.7,12.3,10.6,3.1,89.0,137.3,14.9675988,1009.1,12.7,11.7,9.9,93.7,172.6,11.0799108,1010.6,11.9,10.9,7.0,93.6,140.9,10.1079888,1007.2,11.1,10.4,1.9,95.5,128.9,7.775376,1007.8,12.4,11.1,1.8,91.0,140.8,9.913604399999999,1011.8,13.0,11.7,5.6,91.1,142.5,7.580991599999999,1009.4,12.9,11.7,11.5,92.8,171.5,13.606907999999999,1008.8,12.7,11.4,5.1,91.7,144.5,10.3023732,1011.6,12.2,10.9,4.5,91.4,143.0,8.3585292,1006.2,11.6,10.9,1.6,95.2,166.8,13.2181392,1011.2,12.0,11.5,5.9,96.6,147.6,8.9416824,1006.2,12.4,11.0,0.7,90.6,146.2,14.3844456,1012.2,12.7,11.7,3.5,93.5,148.5,12.4406016,1009.4,13.0,12.4,11.3,95.6,164.0,10.885526399999998,1006.6,11.5,10.2,1.6,91.4,126.6,9.1360668,1008.8,12.1,10.4,5.1,88.7,132.1,12.246217199999998,1010.4,12.0,11.2,6.5,94.7,143.5,9.330451199999999,1007.9,11.9,11.0,1.8,93.8,138.4,10.691142,1012.0,12.5,11.4,3.3,92.8,143.2,9.330451199999999,1012.0,13.0,12.2,4.4,95.0,166.2,12.634986,1007.6,12.0,11.0,1.0,93.4,141.0,10.4967576,1009.3,12.1,11.1,8.7,93.1,141.9,10.1079888,1007.9,12.6,11.5,1.8,92.9,174.0,14.3844456
2020-11-09 06:00:00,1007.9,12.1,11.0,1.2,92.6,151.5,5.2483788,1008.1,11.6,10.7,0.7,93.8,145.7,9.913604399999999,1009.6,12.6,10.8,5.3,88.6,143.3,14.773214399999999,1008.7,12.7,11.8,0.9,94.1,164.5,9.913604399999999,1009.7,11.7,10.8,3.3,93.9,143.7,9.5248356,1007.0,11.5,10.6,0.2,94.2,152.3,8.3585292,1007.9,11.8,10.8,0.5,93.3,145.4,7.969760399999999,1010.7,13.3,11.8,1.3,90.1,152.0,9.71922,1008.9,12.8,11.6,0.7,92.3,162.3,12.829370399999998,1008.6,12.5,11.4,0.6,92.8,151.1,9.913604399999999,1010.7,12.3,11.2,0.3,92.5,143.6,7.775376,1007.0,11.4,11.1,0.7,97.9,163.1,6.0259164,1010.6,12.3,11.3,0.6,93.1,155.1,11.2742952,1006.7,12.1,10.7,0.3,91.1,164.5,12.0518328,1011.3,13.0,11.8,2.3,92.8,147.5,13.8012924,1009.0,12.8,12.3,0.9,96.1,156.6,10.691142,1006.3,12.0,10.2,0.3,88.3,163.7,10.691142,1008.2,12.2,10.7,0.4,90.1,130.3,9.330451199999999,1009.7,12.0,11.2,1.2,94.8,145.7,9.71922,1007.9,11.7,10.8,0.7,94.1,143.3,8.747297999999999,1011.1,12.8,11.6,3.4,91.9,142.7,10.4967576,1011.3,12.8,11.8,1.0,93.3,151.6,13.023754799999999,1007.6,11.8,10.9,0.7,93.7,146.2,8.1641448,1008.9,11.6,10.8,2.2,94.1,139.8,9.1360668,1007.6,12.4,11.4,1.4,92.9,168.4,10.4967576
2020-11-09 12:00:00,1010.4,13.1,12.0,0.5,92.8,144.8,6.2203008,1010.2,12.7,11.6,0.3,92.9,155.2,9.1360668,1010.8,13.1,11.1,0.0,87.5,162.5,14.9675988,1010.6,13.7,12.6,0.3,93.3,152.9,7.1922228,1011.8,13.3,12.0,0.1,92.5,158.7,8.9416824,1009.7,12.6,11.7,1.1,94.2,165.2,6.8034539999999994,1010.4,14.0,12.5,0.4,91.0,158.0,7.775376,1012.4,14.9,12.8,0.0,86.8,169.9,9.330451199999999,1010.8,13.4,12.1,0.5,92.0,156.1,10.3023732,1011.1,14.0,12.2,0.0,89.2,162.3,9.1360668,1012.5,14.3,11.9,0.0,86.0,167.0,8.5529136,1009.3,13.0,12.5,0.2,96.5,141.7,6.414685199999999,1012.2,13.9,12.3,0.2,90.0,165.0,11.0799108,1009.6,11.9,11.0,0.6,94.6,180.4,7.580991599999999,1012.7,14.4,12.5,0.0,89.0,160.9,11.857448399999999,1011.0,13.5,12.9,1.6,95.1,149.3,9.330451199999999,1009.2,12.2,11.0,0.1,92.2,186.3,11.4686796,1010.2,12.9,11.4,0.1,90.2,157.8,9.330451199999999,1011.8,13.7,12.0,0.1,89.7,165.4,9.71922,1010.2,12.9,11.9,0.9,93.9,159.8,7.1922228,1012.6,14.6,12.4,0.0,87.5,162.4,8.5529136,1012.7,13.7,12.9,0.3,94.8,155.1,8.5529136,1010.0,13.1,12.2,1.0,94.2,164.9,8.1641448,1011.1,13.8,12.2,0.2,90.5,159.1,9.913604399999999,1009.6,12.5,11.4,0.3,92.5,141.2,10.3023732
2020-11-09 18:00:00,1011.6,11.9,11.1,0.3,94.6,142.8,4.85961,1011.9,11.8,11.1,0.1,95.2,147.9,5.831531999999999,1012.5,13.0,11.3,0.0,89.1,157.4,10.3023732,1011.8,11.5,10.8,0.7,95.1,134.2,4.2764568,1012.9,12.3,11.5,0.0,94.5,144.9,6.6090696,1011.3,11.7,11.3,0.4,97.7,156.0,3.6933035999999997,1011.8,11.5,10.7,0.0,94.0,133.4,4.665225599999999,1013.4,13.3,11.9,0.0,91.0,161.9,6.0259164,1011.9,11.9,11.1,0.8,94.2,138.5,5.6371476,1012.2,11.8,10.9,0.0,93.9,147.7,6.414685199999999,1013.4,11.7,11.0,0.0,95.2,134.5,4.665225599999999,1010.9,11.9,11.3,0.1,96.1,137.5,4.85961,1013.3,11.2,10.8,0.1,97.2,136.3,4.85961,1011.0,11.6,10.9,0.9,95.4,98.9,2.9157659999999996,1013.6,12.8,11.8,0.0,93.9,157.7,7.775376,1012.2,12.3,12.2,0.7,98.6,127.1,5.2483788,1011.1,11.4,10.5,1.0,93.5,174.7,4.665225599999999,1011.9,12.2,11.1,0.0,92.6,139.9,5.831531999999999,1013.0,11.6,11.1,0.0,96.4,146.6,5.831531999999999,1011.7,11.8,10.9,0.0,94.3,146.2,5.442763199999999,1013.5,12.4,11.5,0.0,94.0,147.7,4.85961,1013.5,12.4,12.0,0.2,97.4,148.7,5.442763199999999,1011.6,11.6,10.7,0.0,94.1,142.2,5.6371476,1012.3,11.7,11.1,0.0,95.6,133.3,5.831531999999999,1011.0,11.8,11.0,0.4,94.4,112.7,6.8034539999999994
2020-11-10 00:00:00,1013.4,11.8,11.3,0.2,96.1,118.2,3.6933035999999997,1014.1,10.5,10.3,0.1,98.1,140.0,6.414685199999999,1014.5,11.9,10.7,0.0,92.1,163.2,7.775376,1012.9,11.5,11.2,1.3,97.8,77.8,3.6933035999999997,1014.9,10.7,10.3,0.1,97.2,138.4,3.887688,1013.4,10.7,10.5,0.0,98.3,134.4,4.0820724,1013.7,11.0,10.5,0.0,96.6,116.9,4.2764568,1014.8,8.3,8.3,0.1,99.5,83.5,3.1101504,1012.9,11.9,11.3,1.7,96.1,93.1,5.6371476,1014.0,11.6,10.8,0.0,94.7,119.2,3.1101504,1014.9,7.1,7.1,0.0,99.9,80.9,3.6933035999999997,1012.7,11.4,10.8,0.1,95.8,110.1,2.5269972,1014.3,11.7,11.6,0.3,99.1,95.8,3.887688,1013.0,11.7,10.8,0.2,93.7,161.2,7.580991599999999,1014.9,9.8,9.7,0.3,99.4,114.7,3.6933035999999997,1013.3,12.0,11.8,0.9,98.2,93.6,3.6933035999999997,1013.2,10.8,10.4,0.3,96.7,201.7,1.5550752,1014.1,11.3,10.4,0.2,93.3,138.8,5.831531999999999,1014.7,10.9,10.6,0.1,97.9,127.4,3.887688,1013.9,10.5,10.2,0.0,97.4,149.1,5.2483788,1014.9,8.4,8.4,0.1,99.7,93.5,3.887688,1014.0,11.9,11.4,1.2,96.5,122.1,5.442763199999999,1013.7,10.9,10.4,0.1,96.5,150.8,5.442763199999999,1014.4,10.8,10.5,0.1,97.9,138.3,3.6933035999999997,1012.4,11.6,11.0,0.2,96.1,60.7,6.414685199999999
2020-11-10 06:00:00,1012.6,11.4,11.0,0.7,96.7,94.6,2.5269972,1013.7,9.8,9.4,0.2,97.6,131.2,5.0539944,1014.4,11.0,10.0,0.2,92.4,141.1,5.442763199999999,1012.2,11.0,11.0,0.4,99.8,2.6,2.9157659999999996,1014.0,9.6,9.5,0.6,99.4,68.9,2.9157659999999996,1013.0,10.6,10.3,0.2,97.4,127.8,4.85961,1013.0,10.7,10.2,0.6,96.5,93.6,5.0539944,1013.6,11.6,11.6,0.6,99.3,87.3,4.0820724,1012.1,11.3,11.1,0.4,98.4,40.3,3.1101504,1013.1,11.3,10.7,0.4,96.0,65.1,3.6933035999999997,1013.7,10.6,10.5,0.4,99.5,89.0,3.887688,1012.5,10.9,10.3,0.5,95.9,141.5,2.7213815999999995,1013.1,11.5,10.6,0.9,93.7,110.8,4.665225599999999,1012.5,11.6,10.8,0.3,94.2,130.3,7.386607199999999,1013.8,11.7,11.4,1.0,98.1,106.8,4.0820724,1012.4,11.0,10.7,0.3,97.5,51.1,3.1101504,1012.6,11.1,10.4,0.0,94.9,139.2,6.8034539999999994,1013.8,10.4,9.6,0.2,94.9,114.8,3.887688,1013.7,9.8,9.6,0.9,98.9,76.6,4.665225599999999,1013.4,10.3,10.0,0.0,97.6,108.0,4.665225599999999,1013.7,11.3,11.2,0.6,99.3,94.8,3.887688,1012.7,12.0,11.3,1.3,95.2,108.5,6.6090696,1013.1,10.5,10.2,0.0,97.4,108.2,4.85961,1013.6,10.4,10.1,0.4,97.6,96.3,3.887688,1012.4,11.5,11.0,0.4,96.7,7.9,1.943844
2020-11-10 12:00:00,1012.5,12.1,10.8,0.6,91.3,192.1,4.0820724,1013.0,11.3,10.3,0.2,92.6,127.9,5.442763199999999,1013.8,11.8,10.8,0.7,93.5,127.4,4.0820724,1013.3,12.7,10.7,0.2,87.4,241.2,5.831531999999999,1013.1,12.2,11.6,0.7,96.3,121.8,5.6371476,1012.1,12.1,10.6,0.7,89.4,132.7,7.386607199999999,1012.2,12.5,11.5,0.7,93.2,96.3,4.665225599999999,1013.0,13.4,11.7,0.2,89.4,129.7,5.0539944,1013.3,12.3,11.3,0.2,93.3,225.8,6.2203008,1012.5,13.4,11.6,0.3,89.3,152.1,3.4989192,1013.1,12.2,11.6,0.3,96.1,110.7,4.85961,1013.0,11.7,10.6,0.2,92.5,215.4,6.8034539999999994,1012.7,12.4,11.3,0.4,92.9,146.9,4.85961,1012.3,11.4,10.7,0.0,95.0,174.6,8.1641448,1013.2,12.6,11.7,0.3,94.0,135.7,7.775376,1012.9,13.2,11.5,0.6,88.7,196.0,4.4708412,1011.9,12.0,10.6,0.2,90.0,153.8,7.1922228,1013.2,11.3,9.9,0.2,90.3,111.4,4.0820724,1012.9,12.4,11.0,0.4,91.2,122.9,5.6371476,1012.6,11.5,10.7,0.6,94.2,106.1,5.6371476,1013.1,12.7,11.6,0.2,93.2,127.9,6.414685199999999,1013.0,12.9,11.0,0.3,88.0,189.2,6.8034539999999994,1012.2,12.2,11.0,1.1,92.2,105.9,6.414685199999999,1012.8,12.1,11.4,0.3,95.5,91.4,3.4989192,1013.6,11.5,10.9,0.1,96.4,231.0,9.913604399999999
2020-11-10 18:00:00,1012.5,10.9,9.8,0.0,92.2,172.7,3.887688,1011.4,11.4,10.7,0.0,95.1,157.5,5.831531999999999,1011.8,12.2,11.0,0.2,92.1,139.6,9.330451199999999,1014.0,10.4,9.1,0.6,91.8,201.9,6.2203008,1012.2,10.9,9.9,0.1,93.1,159.8,4.4708412,1011.3,10.5,9.8,0.0,94.6,190.6,4.4708412,1012.2,10.7,10.1,0.0,96.0,207.9,4.2764568,1013.1,11.3,10.4,0.0,93.5,210.5,5.0539944,1014.1,10.9,9.5,0.4,90.3,209.2,8.3585292,1012.5,11.3,10.4,0.0,93.8,196.5,5.0539944,1012.9,11.1,10.3,0.0,94.6,192.7,5.6371476,1011.9,10.0,8.1,1.1,89.1,156.6,10.1079888,1013.5,10.7,10.2,0.0,96.1,189.9,5.831531999999999,1011.1,11.3,9.8,0.5,89.9,181.0,11.857448399999999,1013.0,11.1,10.2,0.0,93.5,184.4,3.4989192,1013.8,9.8,9.2,0.3,96.1,190.4,5.2483788,1010.7,10.8,10.2,0.0,95.2,183.7,10.3023732,1011.4,11.8,10.7,0.0,92.3,143.6,5.0539944,1012.5,10.8,10.1,0.0,94.9,182.7,4.2764568,1011.6,11.2,10.5,0.0,94.9,193.1,5.2483788,1013.0,10.8,9.9,0.0,93.8,210.5,3.3045348,1014.5,11.7,10.4,0.0,91.4,225.2,10.3023732,1011.7,10.8,10.3,0.0,96.3,192.5,5.6371476,1012.0,10.9,10.4,0.1,95.9,181.8,4.4708412,1013.3,11.6,9.1,1.9,84.5,178.0,11.857448399999999
2020-11-11 00:00:00,1011.1,10.7,9.3,3.0,91.3,142.2,9.1360668,1011.0,9.3,8.7,1.5,96.6,151.3,9.71922,1011.4,11.6,10.4,1.1,92.0,174.3,9.5248356,1012.8,11.9,10.8,5.9,92.6,173.7,11.857448399999999,1013.0,9.8,8.8,0.1,94.5,177.5,7.775376,1009.7,8.4,7.6,0.9,95.0,135.2,9.71922,1011.2,8.9,7.7,2.3,92.8,146.8,8.747297999999999,1014.6,9.3,7.6,0.1,89.1,200.2,6.9978384,1013.1,12.3,10.8,7.5,90.5,175.9,15.161983199999998,1012.6,8.9,7.8,0.9,93.0,156.5,9.330451199999999,1014.4,8.5,7.6,0.1,94.4,191.7,7.969760399999999,1008.6,11.9,10.7,3.8,92.3,152.9,18.466518,1014.7,8.9,8.1,0.8,95.2,170.7,7.386607199999999,1008.6,11.0,9.2,0.9,88.6,138.8,18.660902399999998,1014.8,9.1,7.2,1.7,88.7,190.2,5.2483788,1013.0,11.3,10.5,4.5,94.4,159.8,10.4967576,1008.5,10.1,8.1,1.3,88.5,139.7,13.2181392,1011.0,10.2,8.9,1.8,92.5,141.7,7.775376,1013.5,8.4,7.5,0.4,94.4,167.7,8.1641448,1011.0,8.6,7.6,1.3,94.1,154.4,9.1360668,1014.8,8.7,7.1,1.1,89.8,204.7,5.2483788,1015.6,11.2,10.1,2.6,92.0,188.8,12.246217199999998,1010.7,8.6,7.6,1.8,94.1,150.3,9.71922,1012.4,8.6,7.7,1.3,94.1,159.8,8.5529136,1011.0,12.4,10.9,4.7,90.4,159.7,19.827208799999998
2020-11-11 06:00:00,1009.0,12.6,11.2,0.4,90.9,169.9,8.9416824,1007.5,11.2,10.0,0.2,91.2,155.7,13.2181392,1008.7,10.8,8.9,0.6,88.3,152.7,18.2721336,1010.7,12.6,11.8,2.2,94.7,190.5,13.8012924,1010.4,11.3,9.9,1.3,90.5,167.4,12.4406016,1006.9,11.5,10.0,0.4,89.6,174.6,10.4967576,1008.6,12.1,10.7,0.4,90.8,170.4,10.1079888,1011.9,12.8,10.2,0.9,83.8,179.4,13.2181392,1011.0,12.7,11.6,1.7,93.0,188.9,17.494595999999998,1009.7,12.4,10.8,0.5,89.6,165.0,12.246217199999998,1011.9,11.7,9.9,0.5,87.9,174.5,11.2742952,1009.7,10.6,9.5,0.7,93.0,214.2,8.1641448,1012.2,11.8,10.8,1.1,93.4,167.8,12.246217199999998,1007.5,12.0,10.5,0.1,89.5,200.9,21.382284,1012.4,12.2,10.1,0.4,85.9,167.5,11.663063999999999,1010.9,12.6,12.0,2.1,95.5,177.6,11.2742952,1005.4,12.3,10.5,0.6,87.6,185.1,22.1598216,1007.7,11.6,9.8,0.2,87.7,152.9,13.2181392,1010.8,11.5,10.3,1.1,91.3,165.8,12.634986,1007.8,11.5,10.4,0.3,92.2,167.5,11.0799108,1012.2,12.2,9.8,0.3,84.7,171.6,9.1360668,1013.9,12.6,11.2,7.2,91.1,181.0,16.1339052,1007.8,11.7,10.7,0.3,92.7,172.3,11.857448399999999,1009.3,11.6,10.4,0.4,91.8,160.0,12.0518328,1010.4,12.2,11.4,4.2,94.4,216.7,10.691142
2020-11-11 12:00:00,1012.4,11.6,9.1,11.3,84.5,25.1,0.1943844,1012.5,11.3,9.8,2.1,89.7,208.7,3.6933035999999997,1011.4,12.7,10.4,0.7,85.0,207.0,12.246217199999998,1012.7,12.6,12.2,8.4,97.2,142.1,5.0539944,1013.0,12.6,11.8,5.3,94.4,206.2,7.1922228,1012.6,10.1,7.4,3.1,84.3,258.0,2.5269972,1012.5,11.2,9.7,7.0,90.1,200.9,2.5269972,1013.7,14.1,12.0,0.2,86.9,190.4,8.1641448,1012.9,12.6,12.2,6.2,97.2,173.2,7.1922228,1012.6,13.4,12.1,5.1,92.0,214.3,2.5269972,1013.6,13.1,11.7,0.3,91.2,189.5,9.1360668,1011.2,10.6,9.4,7.0,92.6,93.3,3.4989192,1013.8,12.7,12.0,0.8,95.2,174.8,7.386607199999999,1012.1,10.8,7.4,2.8,80.2,355.2,2.9157659999999996,1013.9,13.6,11.8,0.2,89.0,172.4,9.71922,1012.8,13.3,12.8,7.4,96.0,157.0,6.8034539999999994,1012.5,10.6,6.2,0.2,74.9,243.7,3.4989192,1012.4,11.5,9.7,1.9,87.6,253.6,8.1641448,1013.2,12.6,12.0,2.1,96.0,197.1,5.6371476,1012.6,10.9,9.8,3.0,92.3,226.9,3.4989192,1013.8,13.8,11.6,0.1,86.9,185.2,6.8034539999999994,1014.6,12.9,12.2,1.3,95.5,196.0,13.8012924,1012.4,11.0,9.9,3.3,91.9,222.0,1.7494596,1013.0,12.0,10.4,5.3,88.7,220.7,4.665225599999999,1011.6,11.4,9.9,7.9,89.7,84.6,7.969760399999999
2020-11-11 18:00:00,1011.4,13.1,11.6,0.5,91.1,166.0,9.330451199999999,1012.4,9.4,8.5,3.6,94.3,44.0,3.6933035999999997,1013.9,10.5,7.4,4.7,81.8,42.6,5.6371476,1013.2,12.9,12.1,0.0,95.0,177.3,11.2742952,1012.8,11.8,11.4,1.3,96.9,123.9,5.6371476,1011.8,9.0,8.0,2.2,93.8,51.6,6.414685199999999,1011.2,11.4,10.6,1.3,94.6,132.7,4.4708412,1014.3,14.0,12.2,0.0,88.3,182.5,8.1641448,1013.4,12.9,11.9,0.0,93.8,177.9,13.606907999999999,1012.2,13.1,12.0,0.7,92.7,164.3,11.0799108,1014.0,13.0,11.7,0.3,91.6,178.3,9.5248356,1010.5,12.6,11.8,0.3,94.8,163.8,13.2181392,1014.5,12.8,12.1,0.1,95.5,172.0,10.1079888,1011.1,10.8,9.5,3.3,91.5,78.6,7.969760399999999,1014.5,13.3,11.9,0.0,91.6,162.1,8.747297999999999,1013.3,13.2,12.8,0.1,97.3,167.8,10.4967576,1012.3,9.4,6.8,4.1,84.2,51.1,6.8034539999999994,1012.6,10.1,8.9,3.4,92.9,58.0,4.665225599999999,1013.0,12.6,11.9,1.1,94.9,161.6,10.3023732,1012.0,10.1,9.4,2.3,95.9,72.1,3.887688,1014.4,13.2,11.6,0.0,89.8,168.3,6.0259164,1015.6,12.9,11.9,0.0,93.8,183.9,13.023754799999999,1011.8,10.0,9.2,3.0,95.2,67.5,4.4708412,1012.0,11.1,10.5,1.7,95.2,102.8,6.2203008,1011.9,12.9,11.7,0.0,92.8,165.9,17.3002116
2020-11-12 00:00:00,1013.7,12.1,11.1,0.1,93.1,136.7,8.1641448,1013.3,12.4,11.5,0.0,94.3,164.2,9.71922,1013.1,11.6,10.1,0.8,90.0,339.9,3.6933035999999997,1014.4,12.0,11.4,0.1,96.2,157.3,9.913604399999999,1014.8,12.1,10.9,0.0,92.0,176.2,9.71922,1012.6,10.5,9.7,0.0,94.9,148.2,5.6371476,1013.6,11.8,10.5,0.0,90.6,157.3,8.5529136,1016.2,12.6,11.1,0.0,90.0,179.6,6.414685199999999,1014.6,12.1,11.3,0.1,94.6,157.1,11.857448399999999,1014.5,11.8,10.8,0.0,92.8,160.9,9.913604399999999,1016.0,11.7,10.6,0.0,92.3,182.4,9.1360668,1011.7,11.9,11.3,0.1,95.8,139.2,13.023754799999999,1016.2,11.8,11.0,0.0,94.5,161.9,8.5529136,1012.1,12.5,10.7,0.0,88.4,153.5,14.190061199999999,1016.4,12.1,11.0,0.0,92.1,165.1,8.1641448,1014.7,12.3,12.0,0.1,98.0,148.1,8.747297999999999,1012.3,9.7,8.8,0.2,94.7,71.1,6.0259164,1013.1,12.9,11.5,0.0,90.9,184.3,9.5248356,1015.3,11.5,10.7,0.0,94.8,167.5,9.5248356,1013.3,12.3,11.1,0.0,91.8,174.1,8.5529136,1016.3,11.9,10.6,0.1,91.1,170.1,5.442763199999999,1016.9,11.9,10.8,0.0,92.6,160.4,9.330451199999999,1013.2,12.0,10.8,0.0,92.0,169.6,8.9416824,1014.3,11.7,10.6,0.0,92.5,169.2,8.9416824,1013.1,12.3,11.4,0.1,94.0,133.0,14.9675988
2020-11-12 06:00:00,1012.9,11.7,10.7,0.1,92.9,111.9,6.2203008,1014.5,11.0,10.2,0.0,93.9,147.2,8.1641448,1015.1,12.0,10.4,0.0,89.5,188.4,7.969760399999999,1012.6,11.4,10.9,0.9,96.3,111.0,8.747297999999999,1015.5,10.2,9.5,0.0,95.6,153.2,6.0259164,1013.5,11.1,10.4,0.0,95.1,133.3,8.3585292,1014.0,10.8,9.8,0.0,93.2,107.9,5.831531999999999,1015.9,11.8,10.5,0.1,91.8,133.3,6.6090696,1012.8,11.6,10.9,0.8,95.4,104.4,10.3023732,1014.3,11.8,10.7,0.1,92.7,123.2,6.6090696,1015.8,10.8,10.1,0.2,95.0,119.7,5.831531999999999,1010.2,11.3,10.3,0.1,92.7,127.4,11.4686796,1015.2,11.1,10.5,0.2,95.5,124.9,6.414685199999999,1012.6,11.8,10.5,0.1,91.0,121.0,13.4125236,1016.2,11.6,10.7,0.1,93.9,139.9,8.747297999999999,1013.2,11.8,11.6,0.4,98.0,117.9,9.5248356,1012.9,11.3,10.2,0.0,92.7,140.8,8.3585292,1014.6,11.7,10.2,0.0,89.9,145.7,6.9978384,1015.4,10.7,10.2,0.1,96.1,129.3,6.8034539999999994,1014.2,10.9,10.1,0.0,94.1,136.0,7.386607199999999,1016.1,11.4,10.5,0.1,93.6,132.0,7.386607199999999,1015.2,11.7,10.9,0.3,94.6,120.2,9.1360668,1014.0,11.0,10.1,0.0,93.9,133.4,6.9978384,1015.0,10.2,9.5,0.2,95.7,135.7,4.665225599999999,1011.0,11.7,10.5,0.7,92.0,98.4,14.190061199999999
2020-11-12 12:00:00,1012.7,12.5,10.6,0.1,87.6,86.8,6.6090696,1014.8,11.7,9.7,0.0,87.2,135.4,10.3023732,1016.1,11.9,10.1,0.0,87.6,140.4,10.3023732,1011.9,12.1,11.5,0.4,95.6,95.5,9.913604399999999,1015.7,11.8,10.0,0.0,87.5,123.4,8.9416824,1013.8,12.0,10.0,0.0,87.0,125.0,11.663063999999999,1013.8,12.6,10.4,0.1,86.1,111.6,8.747297999999999,1015.7,12.6,10.5,0.1,86.7,110.2,8.5529136,1012.1,12.2,11.2,0.3,93.4,94.0,12.829370399999998,1014.2,13.1,10.4,0.0,83.0,119.1,7.969760399999999,1015.8,12.0,10.1,0.1,86.8,119.2,9.71922,1010.4,12.6,10.6,0.2,87.1,111.8,9.913604399999999,1014.8,11.9,10.7,0.1,92.4,106.9,9.1360668,1012.8,12.1,10.3,0.1,88.1,113.1,14.773214399999999,1016.1,12.1,10.4,0.1,88.1,115.1,10.1079888,1012.8,12.7,11.8,1.0,93.9,102.8,10.691142,1013.1,12.1,10.1,0.0,86.6,132.9,10.4967576,1014.9,11.9,9.8,0.0,85.9,122.3,9.71922,1015.2,12.2,10.1,0.1,86.1,116.7,8.9416824,1014.4,12.0,9.9,0.0,85.9,127.7,10.1079888,1016.0,12.1,10.4,0.1,88.1,111.6,9.1360668,1014.3,12.5,10.9,0.2,89.9,98.8,11.2742952,1014.1,12.2,10.2,0.1,86.3,125.5,10.1079888,1014.9,12.4,10.2,0.1,85.3,123.1,9.330451199999999,1010.6,12.2,11.0,0.3,92.5,95.8,16.3282896
2020-11-12 18:00:00,1011.2,12.4,10.7,0.1,88.5,101.6,8.747297999999999,1013.9,10.5,9.3,0.0,92.0,115.3,6.6090696,1015.9,11.7,9.9,0.1,87.7,110.3,13.2181392,1010.3,12.0,11.3,0.2,95.3,96.7,11.0799108,1014.8,10.2,9.4,0.1,95.3,93.8,6.414685199999999,1012.7,11.2,9.9,0.0,90.4,94.6,8.3585292,1012.5,11.7,10.3,0.1,90.4,86.3,7.969760399999999,1014.1,11.8,10.3,0.1,90.6,99.2,8.5529136,1010.5,12.2,11.2,0.2,93.3,93.5,13.8012924,1012.6,11.8,10.1,0.1,88.6,97.9,7.580991599999999,1014.3,10.8,9.6,0.0,91.6,90.3,6.9978384,1008.9,12.3,10.8,0.1,90.0,101.9,8.5529136,1013.1,11.5,10.2,0.2,90.6,91.9,7.775376,1011.5,12.4,10.6,0.2,88.2,91.0,13.9956768,1014.3,11.7,10.2,0.0,89.4,99.2,8.9416824,1011.2,12.3,11.6,0.6,95.3,92.8,9.330451199999999,1012.7,11.4,9.9,0.0,89.8,85.5,6.8034539999999994,1014.2,11.0,9.6,0.0,90.8,100.4,7.386607199999999,1013.9,10.9,9.7,0.0,91.8,90.5,8.1641448,1013.3,11.4,9.9,0.0,89.6,93.8,7.969760399999999,1014.3,11.4,10.0,0.0,89.9,96.8,7.969760399999999,1012.6,12.5,11.0,0.0,90.1,89.7,10.4967576,1012.9,11.7,10.0,0.0,88.2,91.9,8.3585292,1013.8,11.3,9.8,0.0,90.1,92.5,7.969760399999999,1009.0,12.1,11.1,0.1,93.2,91.3,16.911442799999996
2020-11-13 00:00:00,1010.9,12.3,10.5,0.0,88.3,99.0,8.747297999999999,1013.4,9.7,8.8,0.0,94.7,107.8,6.2203008,1015.5,11.4,9.8,0.0,89.0,106.1,14.57883,1009.7,11.6,10.7,1.4,94.0,94.3,9.71922,1013.9,10.8,9.8,0.0,92.9,94.5,6.9978384,1012.4,10.4,9.3,0.0,93.2,93.6,8.1641448,1011.9,11.4,9.9,0.0,89.3,95.1,8.1641448,1013.7,11.3,10.3,0.1,93.3,104.8,7.580991599999999,1009.8,11.8,10.7,1.0,92.4,90.4,11.857448399999999,1012.3,12.0,10.1,0.0,87.2,100.1,6.9978384,1013.8,10.6,9.5,0.0,92.9,96.5,6.6090696,1008.5,12.1,10.7,0.4,90.6,86.0,6.6090696,1012.8,11.3,10.0,0.0,91.4,93.3,6.8034539999999994,1011.0,12.0,10.3,0.0,88.5,92.0,14.57883,1014.0,11.6,10.1,0.1,89.6,108.1,8.3585292,1010.7,12.0,11.2,0.4,94.9,87.5,8.5529136,1012.1,10.5,9.4,0.0,92.4,95.6,7.775376,1013.8,10.3,9.3,0.0,93.2,93.2,7.969760399999999,1013.3,10.8,9.5,0.0,91.8,95.9,7.386607199999999,1012.9,10.4,9.3,0.0,93.0,88.5,7.1922228,1013.9,11.1,9.9,0.0,91.7,105.9,7.580991599999999,1012.2,11.6,10.0,0.0,88.8,97.7,9.71922,1012.4,10.9,9.5,0.0,90.5,93.4,7.580991599999999,1013.1,10.8,9.6,0.0,92.1,92.6,7.1922228,1008.2,12.1,10.8,1.6,91.3,89.3,16.1339052
2020-11-13 06:00:00,1009.8,11.9,10.1,0.1,87.7,99.2,8.1641448,1012.0,10.9,9.6,0.0,91.6,115.4,6.9978384,1014.1,11.2,9.5,0.0,88.8,110.8,15.550752,1008.8,11.3,10.9,3.9,96.9,91.5,9.913604399999999,1012.7,10.6,9.7,0.0,94.1,102.9,6.8034539999999994,1011.0,10.2,9.3,0.0,94.1,95.9,7.775376,1010.8,10.6,9.4,0.0,92.3,94.9,7.775376,1012.5,10.7,9.9,0.5,94.4,104.6,8.5529136,1008.9,11.6,10.9,3.7,95.1,89.6,12.829370399999998,1011.1,11.1,9.5,0.0,89.2,92.4,6.414685199999999,1012.6,10.1,9.2,0.1,94.4,102.9,7.580991599999999,1007.4,11.6,10.3,0.3,90.9,100.9,8.5529136,1011.6,10.4,9.4,0.5,93.9,94.0,7.775376,1009.7,11.7,10.1,0.0,88.9,94.8,13.8012924,1012.8,11.1,9.5,0.2,89.7,108.2,8.5529136,1009.7,11.5,10.8,2.1,95.0,90.9,9.1360668,1010.8,10.7,9.4,0.0,91.9,111.4,7.969760399999999,1012.3,11.1,10.0,0.0,92.0,97.8,8.747297999999999,1012.2,9.5,9.0,0.0,97.0,92.4,7.1922228,1011.6,9.9,9.2,0.0,95.7,96.8,7.386607199999999,1012.8,10.7,9.4,0.2,91.5,105.3,8.3585292,1011.2,11.4,10.0,1.3,90.0,78.0,9.71922,1011.1,10.2,9.2,0.0,94.1,98.0,7.775376,1012.0,9.5,8.9,0.0,96.7,93.6,7.1922228,1007.7,11.9,10.9,0.4,93.7,104.0,13.023754799999999
2020-11-13 12:00:00,1009.8,12.4,10.2,0.8,85.7,110.3,8.5529136,1011.6,11.8,9.4,0.0,84.7,127.1,11.4686796,1013.8,11.2,8.7,0.0,84.3,128.6,16.1339052,1009.2,11.6,11.4,0.3,98.1,101.2,7.580991599999999,1012.3,11.4,9.4,0.0,86.8,105.8,9.913604399999999,1010.7,11.4,9.2,0.1,86.3,108.1,11.4686796,1010.5,12.1,9.8,0.1,84.6,102.1,9.330451199999999,1012.4,11.6,9.8,1.3,88.1,107.4,8.747297999999999,1009.3,11.7,11.1,0.4,96.4,111.2,9.1360668,1010.9,12.3,9.7,0.1,83.5,108.1,7.969760399999999,1012.6,11.2,9.2,0.1,87.3,105.9,9.1360668,1008.3,12.5,10.7,0.1,88.3,151.6,9.913604399999999,1011.7,11.0,9.5,0.8,90.4,101.4,8.3585292,1009.3,12.1,10.2,0.3,87.3,105.0,15.161983199999998,1012.8,11.7,9.7,0.2,86.7,107.6,8.9416824,1009.9,12.0,11.6,0.9,96.5,95.8,8.747297999999999,1009.9,11.9,9.4,0.0,84.0,120.6,14.3844456,1011.8,11.7,9.5,0.0,85.7,114.4,13.4125236,1011.9,11.6,9.2,0.1,84.8,103.7,9.5248356,1011.3,11.4,9.1,0.1,85.1,115.4,10.885526399999998,1012.7,11.6,9.6,0.2,86.8,105.3,8.747297999999999,1011.2,11.9,10.5,1.3,90.4,100.3,8.5529136,1010.9,11.6,9.3,0.1,85.5,103.7,9.913604399999999,1011.7,11.9,9.3,0.1,84.0,110.9,9.5248356,1008.7,11.7,11.1,0.0,96.2,124.4,8.3585292
2020-11-13 18:00:00,1009.3,11.8,10.8,,92.9,130.5,5.6371476,1010.1,10.7,9.1,,89.5,128.2,9.330451199999999,1011.9,10.9,8.3,,84.3,120.3,17.6889804,1009.9,10.5,10.4,,98.8,155.6,3.4989192,1011.5,10.2,8.9,,92.1,116.8,8.3585292,1008.9,11.2,9.4,,88.5,120.3,9.71922,1009.7,11.5,9.8,,88.5,116.1,7.1922228,1011.6,10.8,10.1,,95.2,116.1,6.8034539999999994,1009.9,11.0,10.7,,97.7,192.1,4.85961,1010.2,11.8,10.2,,88.8,123.0,6.414685199999999,1011.8,10.1,9.2,,94.5,105.2,6.8034539999999994,1008.2,10.6,9.9,,95.4,142.8,9.5248356,1010.9,10.8,10.2,,95.6,110.2,6.414685199999999,1008.1,12.0,10.4,,89.0,127.4,15.3563676,1011.9,11.2,9.9,,91.0,122.7,8.3585292,1009.9,11.8,11.8,,99.3,145.0,5.2483788,1008.2,11.6,9.5,,86.3,131.1,12.246217199999998,1010.4,10.8,9.1,,89.6,113.6,10.691142,1011.1,10.5,9.1,,91.1,104.9,7.580991599999999,1009.9,11.2,9.3,,88.2,122.4,9.330451199999999,1011.9,10.6,9.7,,93.6,114.1,6.9978384,1010.9,11.9,10.9,,93.4,128.4,10.1079888,1009.5,11.5,9.6,,87.8,122.3,9.71922,1010.7,11.0,9.3,,88.9,112.6,8.3585292,1009.3,11.4,10.8,,95.8,136.7,7.386607199999999
